{"v":"5.7.8","fr":30,"ip":0,"op":25,"w":900,"h":900,"nm":"dog","ddd":0,"assets":[],"layers":[{"ddd":0,"ind":1,"ty":4,"nm":"Shape Layer 1","sr":1,"ks":{"o":{"a":0,"k":100,"ix":11},"r":{"a":0,"k":0,"ix":10},"p":{"a":0,"k":[423.5,667,0],"ix":2,"l":2},"a":{"a":0,"k":[-42.5,230,0],"ix":1,"l":2},"s":{"a":0,"k":[100,100,100],"ix":6,"l":2}},"ao":0,"shapes":[{"ty":"gr","it":[{"ind":0,"ty":"sh","ix":1,"ks":{"a":0,"k":{"i":[[0,0],[0,0]],"o":[[0,0],[0,0]],"v":[[-265,230],[180,230]],"c":false},"ix":2},"nm":"Path 1","mn":"ADBE Vector Shape - Group","hd":false},{"ty":"st","c":{"a":0,"k":[0.415,0.478,0.685,1],"ix":3},"o":{"a":0,"k":100,"ix":4},"w":{"a":0,"k":13,"ix":5},"lc":2,"lj":1,"ml":4,"bm":0,"nm":"Stroke 1","mn":"ADBE Vector Graphic - Stroke","hd":false},{"ty":"fl","c":{"a":0,"k":[0.251,0.3176,0.5373,1],"ix":4},"o":{"a":0,"k":100,"ix":5},"r":1,"bm":0,"nm":"Fill 1","mn":"ADBE Vector Graphic - Fill","hd":false},{"ty":"tr","p":{"a":0,"k":[0,0],"ix":2},"a":{"a":0,"k":[0,0],"ix":1},"s":{"a":0,"k":[100,100],"ix":3},"r":{"a":0,"k":0,"ix":6},"o":{"a":0,"k":100,"ix":7},"sk":{"a":0,"k":0,"ix":4},"sa":{"a":0,"k":0,"ix":5},"nm":"Transform"}],"nm":"Shape 1","np":3,"cix":2,"bm":0,"ix":1,"mn":"ADBE Vector Group","hd":false},{"ty":"tm","s":{"a":1,"k":[{"i":{"x":[0.667],"y":[1]},"o":{"x":[0.333],"y":[0]},"t":0,"s":[10]},{"i":{"x":[0.667],"y":[1]},"o":{"x":[0.333],"y":[0]},"t":6,"s":[0]},{"i":{"x":[0.667],"y":[1]},"o":{"x":[0.333],"y":[0]},"t":13.001,"s":[10]},{"i":{"x":[0.667],"y":[1]},"o":{"x":[0.333],"y":[0]},"t":20,"s":[0]},{"t":25,"s":[10]}],"ix":1},"e":{"a":1,"k":[{"i":{"x":[0.667],"y":[1]},"o":{"x":[0.333],"y":[0]},"t":0,"s":[90]},{"i":{"x":[0.667],"y":[1]},"o":{"x":[0.333],"y":[0]},"t":6,"s":[100]},{"i":{"x":[0.667],"y":[1]},"o":{"x":[0.333],"y":[0]},"t":13.001,"s":[90]},{"i":{"x":[0.667],"y":[1]},"o":{"x":[0.333],"y":[0]},"t":20,"s":[100]},{"t":25,"s":[90]}],"ix":2},"o":{"a":0,"k":0,"ix":3},"m":1,"ix":2,"nm":"Trim Paths 1","mn":"ADBE Vector Filter - Trim","hd":false}],"ip":0,"op":455,"st":0,"bm":0},{"ddd":0,"ind":3,"ty":4,"nm":"ear","parent":7,"sr":1,"ks":{"o":{"a":0,"k":100,"ix":11},"r":{"a":1,"k":[{"i":{"x":[0.667],"y":[1]},"o":{"x":[0.333],"y":[0]},"t":0,"s":[-14]},{"i":{"x":[0.667],"y":[1]},"o":{"x":[0.333],"y":[0]},"t":6,"s":[0]},{"i":{"x":[0.667],"y":[1]},"o":{"x":[0.333],"y":[0]},"t":13.001,"s":[-14]},{"i":{"x":[0.667],"y":[1]},"o":{"x":[0.333],"y":[0]},"t":20,"s":[0]},{"t":25,"s":[-14]}],"ix":10},"p":{"a":0,"k":[356.247,24.591,0],"ix":2,"l":2},"a":{"a":0,"k":[86.762,16.905,0],"ix":1,"l":2},"s":{"a":0,"k":[100,100,100],"ix":6,"l":2}},"ao":0,"shapes":[{"ty":"gr","it":[{"ind":0,"ty":"sh","ix":1,"ks":{"a":0,"k":{"i":[[6.047,30.334],[6.448,-4.934],[10.079,-11.171],[-24.71,-24.977],[-15.609,17.99]],"o":[[-2.904,-14.527],[-12.074,9.24],[-19.879,22.036],[20.808,21.034],[23.082,-26.608]],"v":[[40.358,-57.369],[10.962,-59.197],[-22.458,-26.687],[-33.818,50.862],[35.446,37.976]],"c":true},"ix":2},"nm":"Path 1","mn":"ADBE Vector Shape - Group","hd":false},{"ty":"fl","c":{"a":0,"k":[0.6895,0.7271,0.8505,1],"ix":4},"o":{"a":0,"k":100,"ix":5},"r":1,"bm":0,"nm":"Fill 1","mn":"ADBE Vector Graphic - Fill","hd":false},{"ty":"tr","p":{"a":0,"k":[58.778,72.146],"ix":2},"a":{"a":0,"k":[0,0],"ix":1},"s":{"a":0,"k":[100,100],"ix":3},"r":{"a":0,"k":0,"ix":6},"o":{"a":0,"k":100,"ix":7},"sk":{"a":0,"k":0,"ix":4},"sa":{"a":0,"k":0,"ix":5},"nm":"Transform"}],"nm":"Group 1","np":2,"cix":2,"bm":0,"ix":1,"mn":"ADBE Vector Group","hd":false}],"ip":0,"op":455,"st":0,"bm":0},{"ddd":0,"ind":4,"ty":4,"nm":"l 4","parent":7,"sr":1,"ks":{"o":{"a":0,"k":100,"ix":11},"r":{"a":0,"k":0,"ix":10},"p":{"a":0,"k":[316.531,353.859,0],"ix":2,"l":2},"a":{"a":0,"k":[20.132,95.184,0],"ix":1,"l":2},"s":{"a":0,"k":[100,100,100],"ix":6,"l":2}},"ao":0,"shapes":[{"ty":"gr","it":[{"ind":0,"ty":"sh","ix":1,"ks":{"a":1,"k":[{"i":{"x":0.833,"y":0.833},"o":{"x":0.333,"y":0},"t":0,"s":[{"i":[[-0.54,-20.628],[-22.114,-28.266],[-14.878,0.3]],"o":[[-2.7,33.068],[14.418,18.429],[29.767,-0.6]],"v":[[0.132,-75.184],[36.435,28.698],[82.368,59.184]],"c":false}]},{"i":{"x":0.667,"y":1},"o":{"x":0.167,"y":0.167},"t":3.001,"s":[{"i":[[-0.27,-10.314],[-10.025,-30.105],[-7.439,0.15]],"o":[[-1.35,16.534],[6.761,20.302],[14.884,-0.3]],"v":[[0.132,-75.184],[18.197,26.052],[41.118,67.184]],"c":false}]},{"i":{"x":0.667,"y":1},"o":{"x":0.333,"y":0},"t":6,"s":[{"i":[[0,0],[0,0],[0,0]],"o":[[0,0],[0,0],[0,0]],"v":[[0.132,-75.184],[-0.041,23.407],[-0.132,75.184]],"c":false}]},{"i":{"x":0.667,"y":1},"o":{"x":0.333,"y":0},"t":10,"s":[{"i":[[0,0],[9.466,-36.43],[16.992,2.263]],"o":[[0,0],[-6.172,23.752],[-43.154,-5.748]],"v":[[0.882,-73.309],[-8.478,10.886],[-41.882,51.309]],"c":false}]},{"i":{"x":0.667,"y":1},"o":{"x":0.333,"y":0},"t":19,"s":[{"i":[[6.845,-41.332],[-31.078,-20.171],[23.303,-11.608]],"o":[[-6.585,39.76],[22.699,14.732],[-45.697,-11.74]],"v":[[0.757,-68.684],[63.973,0.344],[65.868,50.184]],"c":false}]},{"i":{"x":0.667,"y":1},"o":{"x":0.333,"y":0},"t":25,"s":[{"i":[[-0.54,-20.628],[-22.114,-28.266],[-14.878,0.3]],"o":[[-2.7,33.068],[14.418,18.429],[29.767,-0.6]],"v":[[0.132,-75.184],[36.435,28.698],[82.368,59.184]],"c":false}]},{"i":{"x":0.667,"y":1},"o":{"x":0.333,"y":0},"t":31.001,"s":[{"i":[[0,0],[0,0],[0,0]],"o":[[0,0],[0,0],[0,0]],"v":[[0.132,-75.184],[-0.041,23.407],[-0.132,75.184]],"c":false}]},{"i":{"x":0.667,"y":1},"o":{"x":0.333,"y":0},"t":35,"s":[{"i":[[0,0],[9.466,-36.43],[16.992,2.263]],"o":[[0,0],[-6.172,23.752],[-43.154,-5.748]],"v":[[0.882,-73.309],[-8.478,10.886],[-41.882,51.309]],"c":false}]},{"i":{"x":0.667,"y":1},"o":{"x":0.333,"y":0},"t":39,"s":[{"i":[[13.707,-39.589],[-21.812,-30.118],[27.944,-1.871]],"o":[[-6.105,17.632],[14.221,19.637],[-45.697,-11.74]],"v":[[0.757,-68.684],[62.79,19.37],[52.868,56.184]],"c":false}]},{"i":{"x":0.667,"y":1},"o":{"x":0.333,"y":0},"t":45,"s":[{"i":[[-0.54,-20.628],[-22.114,-28.266],[-14.878,0.3]],"o":[[-2.7,33.068],[14.418,18.429],[29.767,-0.6]],"v":[[0.132,-75.184],[36.435,28.698],[82.368,59.184]],"c":false}]},{"i":{"x":0.667,"y":1},"o":{"x":0.333,"y":0},"t":51,"s":[{"i":[[0,0],[0,0],[0,0]],"o":[[0,0],[0,0],[0,0]],"v":[[0.132,-75.184],[-0.041,23.407],[-0.132,75.184]],"c":false}]},{"i":{"x":0.667,"y":1},"o":{"x":0.333,"y":0},"t":55,"s":[{"i":[[0,0],[9.466,-36.43],[16.992,2.263]],"o":[[0,0],[-6.172,23.752],[-43.154,-5.748]],"v":[[0.882,-73.309],[-8.478,10.886],[-41.882,51.309]],"c":false}]},{"i":{"x":0.667,"y":1},"o":{"x":0.333,"y":0},"t":58.999,"s":[{"i":[[13.707,-39.589],[-21.812,-30.118],[27.944,-1.871]],"o":[[-6.105,17.632],[14.221,19.637],[-45.697,-11.74]],"v":[[0.757,-68.684],[62.79,19.37],[52.868,56.184]],"c":false}]},{"i":{"x":0.667,"y":1},"o":{"x":0.333,"y":0},"t":65,"s":[{"i":[[-0.54,-20.628],[-22.114,-28.266],[-14.878,0.3]],"o":[[-2.7,33.068],[14.418,18.429],[29.767,-0.6]],"v":[[0.132,-75.184],[36.435,28.698],[82.368,59.184]],"c":false}]},{"i":{"x":0.667,"y":1},"o":{"x":0.333,"y":0},"t":71,"s":[{"i":[[0,0],[0,0],[0,0]],"o":[[0,0],[0,0],[0,0]],"v":[[0.132,-75.184],[-0.041,23.407],[-0.132,75.184]],"c":false}]},{"i":{"x":0.667,"y":1},"o":{"x":0.333,"y":0},"t":75,"s":[{"i":[[0,0],[9.466,-36.43],[16.992,2.263]],"o":[[0,0],[-6.172,23.752],[-43.154,-5.748]],"v":[[0.882,-73.309],[-8.478,10.886],[-41.882,51.309]],"c":false}]},{"i":{"x":0.667,"y":1},"o":{"x":0.333,"y":0},"t":79,"s":[{"i":[[13.707,-39.589],[-21.812,-30.118],[27.944,-1.871]],"o":[[-6.105,17.632],[14.221,19.637],[-45.697,-11.74]],"v":[[0.757,-68.684],[62.79,19.37],[52.868,56.184]],"c":false}]},{"t":85,"s":[{"i":[[-0.54,-20.628],[-22.114,-28.266],[-14.878,0.3]],"o":[[-2.7,33.068],[14.418,18.429],[29.767,-0.6]],"v":[[0.132,-75.184],[36.435,28.698],[82.368,59.184]],"c":false}]}],"ix":2},"nm":"Path 1","mn":"ADBE Vector Shape - Group","hd":false},{"ty":"st","c":{"a":0,"k":[0.6895,0.7271,0.8505,1],"ix":3},"o":{"a":0,"k":100,"ix":4},"w":{"a":0,"k":40,"ix":5},"lc":2,"lj":2,"bm":0,"nm":"Stroke 1","mn":"ADBE Vector Graphic - Stroke","hd":false},{"ty":"tr","p":{"a":0,"k":[20.131,95.184],"ix":2},"a":{"a":0,"k":[0,0],"ix":1},"s":{"a":0,"k":[100,100],"ix":3},"r":{"a":0,"k":0,"ix":6},"o":{"a":0,"k":100,"ix":7},"sk":{"a":0,"k":0,"ix":4},"sa":{"a":0,"k":0,"ix":5},"nm":"Transform"}],"nm":"Group 1","np":2,"cix":2,"bm":0,"ix":1,"mn":"ADBE Vector Group","hd":false}],"ip":0,"op":455,"st":0,"bm":0},{"ddd":0,"ind":5,"ty":4,"nm":"l 3","parent":7,"sr":1,"ks":{"o":{"a":0,"k":100,"ix":11},"r":{"a":0,"k":0,"ix":10},"p":{"a":0,"k":[37.531,349.898,0],"ix":2,"l":2},"a":{"a":0,"k":[20.132,95.184,0],"ix":1,"l":2},"s":{"a":0,"k":[100,100,100],"ix":6,"l":2}},"ao":0,"shapes":[{"ty":"gr","it":[{"ind":0,"ty":"sh","ix":1,"ks":{"a":1,"k":[{"i":{"x":0.833,"y":0.833},"o":{"x":0.333,"y":0},"t":0,"s":[{"i":[[-0.54,-20.628],[-22.114,-28.266],[-14.878,0.3]],"o":[[-2.7,33.068],[14.418,18.429],[29.767,-0.6]],"v":[[0.132,-75.184],[36.435,28.698],[82.368,59.184]],"c":false}]},{"i":{"x":0.667,"y":1},"o":{"x":0.167,"y":0.167},"t":3.001,"s":[{"i":[[-0.27,-10.314],[-10.025,-30.105],[-7.439,0.15]],"o":[[-1.35,16.534],[6.761,20.302],[14.884,-0.3]],"v":[[0.132,-75.184],[18.197,26.052],[41.118,67.184]],"c":false}]},{"i":{"x":0.667,"y":1},"o":{"x":0.333,"y":0},"t":6,"s":[{"i":[[0,0],[0,0],[0,0]],"o":[[0,0],[0,0],[0,0]],"v":[[0.132,-75.184],[-0.041,23.407],[-0.132,75.184]],"c":false}]},{"i":{"x":0.667,"y":1},"o":{"x":0.333,"y":0},"t":10,"s":[{"i":[[0,0],[9.466,-36.43],[16.992,2.263]],"o":[[0,0],[-6.172,23.752],[-43.154,-5.748]],"v":[[0.882,-73.309],[-8.478,10.886],[-41.882,51.309]],"c":false}]},{"i":{"x":0.667,"y":1},"o":{"x":0.333,"y":0},"t":19,"s":[{"i":[[6.845,-41.332],[-31.078,-20.171],[23.303,-11.608]],"o":[[-6.585,39.76],[22.699,14.732],[-45.697,-11.74]],"v":[[0.757,-68.684],[63.973,0.344],[65.868,50.184]],"c":false}]},{"i":{"x":0.667,"y":1},"o":{"x":0.333,"y":0},"t":25,"s":[{"i":[[-0.54,-20.628],[-22.114,-28.266],[-14.878,0.3]],"o":[[-2.7,33.068],[14.418,18.429],[29.767,-0.6]],"v":[[0.132,-75.184],[36.435,28.698],[82.368,59.184]],"c":false}]},{"i":{"x":0.667,"y":1},"o":{"x":0.333,"y":0},"t":31.001,"s":[{"i":[[0,0],[0,0],[0,0]],"o":[[0,0],[0,0],[0,0]],"v":[[0.132,-75.184],[-0.041,23.407],[-0.132,75.184]],"c":false}]},{"i":{"x":0.667,"y":1},"o":{"x":0.333,"y":0},"t":35,"s":[{"i":[[0,0],[9.466,-36.43],[16.992,2.263]],"o":[[0,0],[-6.172,23.752],[-43.154,-5.748]],"v":[[0.882,-73.309],[-8.478,10.886],[-41.882,51.309]],"c":false}]},{"i":{"x":0.667,"y":1},"o":{"x":0.333,"y":0},"t":39,"s":[{"i":[[13.707,-39.589],[-21.812,-30.118],[27.944,-1.871]],"o":[[-6.105,17.632],[14.221,19.637],[-45.697,-11.74]],"v":[[0.757,-68.684],[62.79,19.37],[52.868,56.184]],"c":false}]},{"i":{"x":0.667,"y":1},"o":{"x":0.333,"y":0},"t":45,"s":[{"i":[[-0.54,-20.628],[-22.114,-28.266],[-14.878,0.3]],"o":[[-2.7,33.068],[14.418,18.429],[29.767,-0.6]],"v":[[0.132,-75.184],[36.435,28.698],[82.368,59.184]],"c":false}]},{"i":{"x":0.667,"y":1},"o":{"x":0.333,"y":0},"t":51,"s":[{"i":[[0,0],[0,0],[0,0]],"o":[[0,0],[0,0],[0,0]],"v":[[0.132,-75.184],[-0.041,23.407],[-0.132,75.184]],"c":false}]},{"i":{"x":0.667,"y":1},"o":{"x":0.333,"y":0},"t":55,"s":[{"i":[[0,0],[9.466,-36.43],[16.992,2.263]],"o":[[0,0],[-6.172,23.752],[-43.154,-5.748]],"v":[[0.882,-73.309],[-8.478,10.886],[-41.882,51.309]],"c":false}]},{"i":{"x":0.667,"y":1},"o":{"x":0.333,"y":0},"t":58.999,"s":[{"i":[[13.707,-39.589],[-21.812,-30.118],[27.944,-1.871]],"o":[[-6.105,17.632],[14.221,19.637],[-45.697,-11.74]],"v":[[0.757,-68.684],[62.79,19.37],[52.868,56.184]],"c":false}]},{"i":{"x":0.667,"y":1},"o":{"x":0.333,"y":0},"t":65,"s":[{"i":[[-0.54,-20.628],[-22.114,-28.266],[-14.878,0.3]],"o":[[-2.7,33.068],[14.418,18.429],[29.767,-0.6]],"v":[[0.132,-75.184],[36.435,28.698],[82.368,59.184]],"c":false}]},{"i":{"x":0.667,"y":1},"o":{"x":0.333,"y":0},"t":71,"s":[{"i":[[0,0],[0,0],[0,0]],"o":[[0,0],[0,0],[0,0]],"v":[[0.132,-75.184],[-0.041,23.407],[-0.132,75.184]],"c":false}]},{"i":{"x":0.667,"y":1},"o":{"x":0.333,"y":0},"t":75,"s":[{"i":[[0,0],[9.466,-36.43],[16.992,2.263]],"o":[[0,0],[-6.172,23.752],[-43.154,-5.748]],"v":[[0.882,-73.309],[-8.478,10.886],[-41.882,51.309]],"c":false}]},{"i":{"x":0.667,"y":1},"o":{"x":0.333,"y":0},"t":79,"s":[{"i":[[13.707,-39.589],[-21.812,-30.118],[27.944,-1.871]],"o":[[-6.105,17.632],[14.221,19.637],[-45.697,-11.74]],"v":[[0.757,-68.684],[62.79,19.37],[52.868,56.184]],"c":false}]},{"t":85,"s":[{"i":[[-0.54,-20.628],[-22.114,-28.266],[-14.878,0.3]],"o":[[-2.7,33.068],[14.418,18.429],[29.767,-0.6]],"v":[[0.132,-75.184],[36.435,28.698],[82.368,59.184]],"c":false}]}],"ix":2},"nm":"Path 1","mn":"ADBE Vector Shape - Group","hd":false},{"ty":"st","c":{"a":0,"k":[0.6895,0.7271,0.8505,1],"ix":3},"o":{"a":0,"k":100,"ix":4},"w":{"a":0,"k":40,"ix":5},"lc":2,"lj":2,"bm":0,"nm":"Stroke 1","mn":"ADBE Vector Graphic - Stroke","hd":false},{"ty":"tr","p":{"a":0,"k":[20.131,95.184],"ix":2},"a":{"a":0,"k":[0,0],"ix":1},"s":{"a":0,"k":[100,100],"ix":3},"r":{"a":0,"k":0,"ix":6},"o":{"a":0,"k":100,"ix":7},"sk":{"a":0,"k":0,"ix":4},"sa":{"a":0,"k":0,"ix":5},"nm":"Transform"}],"nm":"Group 1","np":2,"cix":2,"bm":0,"ix":1,"mn":"ADBE Vector Group","hd":false}],"ip":0,"op":455,"st":0,"bm":0},{"ddd":0,"ind":7,"ty":4,"nm":"body","sr":1,"ks":{"o":{"a":0,"k":100,"ix":11},"r":{"a":0,"k":0,"ix":10},"p":{"a":1,"k":[{"i":{"x":0.667,"y":1},"o":{"x":0.333,"y":0},"t":0,"s":[472.817,392.929,0],"to":[0,2.333,0],"ti":[0,0,0]},{"i":{"x":0.667,"y":1},"o":{"x":0.333,"y":0},"t":6,"s":[472.817,406.929,0],"to":[0,0,0],"ti":[0,0,0]},{"i":{"x":0.667,"y":1},"o":{"x":0.333,"y":0},"t":13.001,"s":[472.817,392.929,0],"to":[0,0,0],"ti":[0,0,0]},{"i":{"x":0.667,"y":1},"o":{"x":0.333,"y":0},"t":20,"s":[472.817,406.929,0],"to":[0,0,0],"ti":[0,2.333,0]},{"i":{"x":0.667,"y":0.667},"o":{"x":0.333,"y":0.333},"t":25,"s":[472.817,392.929,0],"to":[0,0,0],"ti":[0,0,0]},{"i":{"x":0.667,"y":1},"o":{"x":0.333,"y":0},"t":33.001,"s":[472.817,392.929,0],"to":[0,2.333,0],"ti":[0,0,0]},{"i":{"x":0.667,"y":1},"o":{"x":0.333,"y":0},"t":36,"s":[472.817,406.929,0],"to":[0,0,0],"ti":[0,0,0]},{"i":{"x":0.667,"y":1},"o":{"x":0.333,"y":0},"t":40,"s":[472.817,392.929,0],"to":[0,0,0],"ti":[0,-2.333,0]},{"t":46.0009765625,"s":[472.817,406.929,0]}],"ix":2,"l":2},"a":{"a":0,"k":[267.02,184.77,0],"ix":1,"l":2},"s":{"a":0,"k":[100,100,100],"ix":6,"l":2}},"ao":0,"shapes":[{"ty":"gr","it":[{"ind":0,"ty":"sh","ix":1,"ks":{"a":0,"k":{"i":[[0,0],[8.555,0],[0,8.325]],"o":[[0,8.325],[-8.548,0],[0,0]],"v":[[15.488,-7.533],[-0.001,7.533],[-15.488,-7.533]],"c":false},"ix":2},"nm":"Path 1","mn":"ADBE Vector Shape - Group","hd":false},{"ty":"st","c":{"a":0,"k":[0.1451,0.2902,0.5608,1],"ix":3},"o":{"a":0,"k":100,"ix":4},"w":{"a":0,"k":2,"ix":5},"lc":2,"lj":1,"ml":10,"bm":0,"nm":"Stroke 1","mn":"ADBE Vector Graphic - Stroke","hd":false},{"ty":"tr","p":{"a":0,"k":[415.17,77.396],"ix":2},"a":{"a":0,"k":[0,0],"ix":1},"s":{"a":0,"k":[100,100],"ix":3},"r":{"a":0,"k":0,"ix":6},"o":{"a":0,"k":100,"ix":7},"sk":{"a":0,"k":0,"ix":4},"sa":{"a":0,"k":0,"ix":5},"nm":"Transform"}],"nm":"Group 1","np":2,"cix":2,"bm":0,"ix":1,"mn":"ADBE Vector Group","hd":false},{"ty":"gr","it":[{"ind":0,"ty":"sh","ix":1,"ks":{"a":0,"k":{"i":[[-2.421,-3.502],[-4.835,-2.281],[-0.136,0.299],[-1.231,9.972],[-21.503,0],[22.783,-0.837],[4.539,-9.943],[0.084,-0.129],[3.291,1.014],[4.926,7.141]],"o":[[3.1,4.497],[0.051,-0.293],[4.11,-9.001],[-17.676,-5.407],[23.326,0],[-1.53,10.963],[-0.071,0.155],[1.521,2.249],[-8.328,-2.567],[-2.446,-3.542]],"v":[[-22.248,18.173],[-10.232,28.441],[-10.029,27.57],[1.125,-1.66],[6.857,-37.428],[7.656,-0.868],[-4.284,30.93],[-4.554,31.293],[-8.039,36.414],[-27.994,21.533]],"c":true},"ix":2},"nm":"Path 1","mn":"ADBE Vector Shape - Group","hd":false},{"ty":"fl","c":{"a":0,"k":[0.415,0.478,0.685,1],"ix":4},"o":{"a":0,"k":100,"ix":5},"r":1,"bm":0,"nm":"Fill 1","mn":"ADBE Vector Graphic - Fill","hd":false},{"ty":"tr","p":{"a":0,"k":[503.35,96.036],"ix":2},"a":{"a":0,"k":[0,0],"ix":1},"s":{"a":0,"k":[100,100],"ix":3},"r":{"a":0,"k":0,"ix":6},"o":{"a":0,"k":100,"ix":7},"sk":{"a":0,"k":0,"ix":4},"sa":{"a":0,"k":0,"ix":5},"nm":"Transform"}],"nm":"Group 2","np":2,"cix":2,"bm":0,"ix":2,"mn":"ADBE Vector Group","hd":false},{"ty":"gr","it":[{"ind":0,"ty":"sh","ix":1,"ks":{"a":0,"k":{"i":[[-87.495,-9.771],[-16.843,0.916],[10.453,-1.794],[0,0],[5.137,8.279],[-7.464,-12.46]],"o":[[10.186,1.137],[16.851,-0.93],[-1.716,4.068],[-94.107,4.76],[-5.127,-8.314],[7.45,12.475]],"v":[[27.892,52.422],[83.377,52.124],[85.177,12.003],[82.043,25.516],[-74.066,-45.245],[-92.765,-24.181]],"c":true},"ix":2},"nm":"Path 1","mn":"ADBE Vector Shape - Group","hd":false},{"ty":"fl","c":{"a":0,"k":[0.415,0.478,0.685,1],"ix":4},"o":{"a":0,"k":100,"ix":5},"r":1,"bm":0,"nm":"Fill 1","mn":"ADBE Vector Graphic - Fill","hd":false},{"ty":"tr","p":{"a":0,"k":[336.116,158.467],"ix":2},"a":{"a":0,"k":[0,0],"ix":1},"s":{"a":0,"k":[100,100],"ix":3},"r":{"a":0,"k":0,"ix":6},"o":{"a":0,"k":100,"ix":7},"sk":{"a":0,"k":0,"ix":4},"sa":{"a":0,"k":0,"ix":5},"nm":"Transform"}],"nm":"Group 3","np":2,"cix":2,"bm":0,"ix":3,"mn":"ADBE Vector Group","hd":false},{"ty":"gr","it":[{"ind":0,"ty":"sh","ix":1,"ks":{"a":0,"k":{"i":[[26.417,2.651],[-89.601,18.369],[-22.648,-0.436],[-7.509,1.867],[-1.047,13.715],[-29.532,9.413],[-18.615,-17.337],[0,0],[98.273,-0.709],[25.429,-17.466],[4.244,0.605],[29.493,9.692]],"o":[[-49.64,-13.417],[21.621,-4.888],[7.736,0.149],[24.926,-6.195],[4.432,-57.988],[29.532,-9.416],[47.504,57.771],[0,0],[-19.611,125.548],[-54.196,29.538],[-30.727,-4.405],[-33.152,-10.891]],"v":[[-210.894,149.753],[-168.846,-1.502],[-69.847,-5.473],[-46.879,-8.056],[-4.482,-37.078],[76.472,-171.462],[135.534,-167.183],[257.081,-112.404],[162.26,-22.147],[81.781,154.982],[-39.346,174.857],[-130.154,153.813]],"c":true},"ix":2},"nm":"Path 1","mn":"ADBE Vector Shape - Group","hd":false},{"ty":"fl","c":{"a":0,"k":[0.6192,0.6662,0.8208,1],"ix":4},"o":{"a":0,"k":100,"ix":5},"r":1,"bm":0,"nm":"Fill 1","mn":"ADBE Vector Graphic - Fill","hd":false},{"ty":"tr","p":{"a":0,"k":[260.784,184.77],"ix":2},"a":{"a":0,"k":[0,0],"ix":1},"s":{"a":0,"k":[100,100],"ix":3},"r":{"a":0,"k":0,"ix":6},"o":{"a":0,"k":100,"ix":7},"sk":{"a":0,"k":0,"ix":4},"sa":{"a":0,"k":0,"ix":5},"nm":"Transform"}],"nm":"Group 4","np":2,"cix":2,"bm":0,"ix":4,"mn":"ADBE Vector Group","hd":false}],"ip":0,"op":455,"st":0,"bm":0},{"ddd":0,"ind":8,"ty":4,"nm":"l 2","parent":7,"sr":1,"ks":{"o":{"a":0,"k":100,"ix":11},"r":{"a":0,"k":0,"ix":10},"p":{"a":0,"k":[346.531,353.859,0],"ix":2,"l":2},"a":{"a":0,"k":[20.132,95.184,0],"ix":1,"l":2},"s":{"a":0,"k":[100,100,100],"ix":6,"l":2}},"ao":0,"shapes":[{"ty":"gr","it":[{"ind":0,"ty":"sh","ix":1,"ks":{"a":1,"k":[{"i":{"x":0.833,"y":0.833},"o":{"x":0.333,"y":0},"t":-10,"s":[{"i":[[-0.54,-20.628],[-22.114,-28.266],[-14.878,0.3]],"o":[[-2.7,33.068],[14.418,18.429],[29.767,-0.6]],"v":[[0.132,-75.184],[36.435,28.698],[82.368,59.184]],"c":false}]},{"i":{"x":0.667,"y":1},"o":{"x":0.167,"y":0.167},"t":-6.999,"s":[{"i":[[-0.27,-10.314],[-10.025,-30.105],[-7.439,0.15]],"o":[[-1.35,16.534],[6.761,20.302],[14.884,-0.3]],"v":[[0.132,-75.184],[18.197,26.052],[41.118,67.184]],"c":false}]},{"i":{"x":0.667,"y":1},"o":{"x":0.333,"y":0},"t":-3.999,"s":[{"i":[[0,0],[0,0],[0,0]],"o":[[0,0],[0,0],[0,0]],"v":[[0.132,-75.184],[-0.041,23.407],[-0.132,75.184]],"c":false}]},{"i":{"x":0.667,"y":1},"o":{"x":0.333,"y":0},"t":0,"s":[{"i":[[0,0],[9.466,-36.43],[16.992,2.263]],"o":[[0,0],[-6.172,23.752],[-43.154,-5.748]],"v":[[0.882,-73.309],[-8.478,10.886],[-41.882,51.309]],"c":false}]},{"i":{"x":0.667,"y":1},"o":{"x":0.333,"y":0},"t":8.999,"s":[{"i":[[6.845,-41.332],[-31.078,-20.171],[23.303,-11.608]],"o":[[-6.585,39.76],[22.699,14.732],[-45.697,-11.74]],"v":[[0.757,-68.684],[63.973,0.344],[65.868,50.184]],"c":false}]},{"i":{"x":0.833,"y":0.833},"o":{"x":0.333,"y":0},"t":15,"s":[{"i":[[-0.54,-20.628],[-22.114,-28.266],[-14.878,0.3]],"o":[[-2.7,33.068],[14.418,18.429],[29.767,-0.6]],"v":[[0.132,-75.184],[36.435,28.698],[82.368,59.184]],"c":false}]},{"i":{"x":0.667,"y":1},"o":{"x":0.167,"y":0.167},"t":17.999,"s":[{"i":[[-0.27,-10.314],[-10.025,-30.105],[-7.439,0.15]],"o":[[-1.35,16.534],[6.761,20.302],[14.884,-0.3]],"v":[[0.132,-75.184],[18.197,26.052],[41.118,67.184]],"c":false}]},{"i":{"x":0.667,"y":1},"o":{"x":0.333,"y":0},"t":21,"s":[{"i":[[0,0],[0,0],[0,0]],"o":[[0,0],[0,0],[0,0]],"v":[[0.132,-75.184],[-0.041,23.407],[-0.132,75.184]],"c":false}]},{"i":{"x":0.667,"y":1},"o":{"x":0.333,"y":0},"t":25,"s":[{"i":[[0,0],[9.466,-36.43],[16.992,2.263]],"o":[[0,0],[-6.172,23.752],[-43.154,-5.748]],"v":[[0.882,-73.309],[-8.478,10.886],[-41.882,51.309]],"c":false}]},{"i":{"x":0.667,"y":1},"o":{"x":0.333,"y":0},"t":34,"s":[{"i":[[6.845,-41.332],[-31.078,-20.171],[23.303,-11.608]],"o":[[-6.585,39.76],[22.699,14.732],[-45.697,-11.74]],"v":[[0.757,-68.684],[63.973,0.344],[65.868,50.184]],"c":false}]},{"t":40,"s":[{"i":[[-0.54,-20.628],[-22.114,-28.266],[-14.878,0.3]],"o":[[-2.7,33.068],[14.418,18.429],[29.767,-0.6]],"v":[[0.132,-75.184],[36.435,28.698],[82.368,59.184]],"c":false}]}],"ix":2},"nm":"Path 1","mn":"ADBE Vector Shape - Group","hd":false},{"ty":"st","c":{"a":0,"k":[0.6895,0.7271,0.8505,1],"ix":3},"o":{"a":0,"k":100,"ix":4},"w":{"a":0,"k":40,"ix":5},"lc":2,"lj":2,"bm":0,"nm":"Stroke 1","mn":"ADBE Vector Graphic - Stroke","hd":false},{"ty":"tr","p":{"a":0,"k":[20.131,95.184],"ix":2},"a":{"a":0,"k":[0,0],"ix":1},"s":{"a":0,"k":[100,100],"ix":3},"r":{"a":0,"k":0,"ix":6},"o":{"a":0,"k":100,"ix":7},"sk":{"a":0,"k":0,"ix":4},"sa":{"a":0,"k":0,"ix":5},"nm":"Transform"}],"nm":"Group 1","np":2,"cix":2,"bm":0,"ix":1,"mn":"ADBE Vector Group","hd":false}],"ip":0,"op":436,"st":-20,"bm":0},{"ddd":0,"ind":9,"ty":4,"nm":"l","parent":7,"sr":1,"ks":{"o":{"a":0,"k":100,"ix":11},"r":{"a":0,"k":0,"ix":10},"p":{"a":0,"k":[75.531,349.898,0],"ix":2,"l":2},"a":{"a":0,"k":[20.132,95.184,0],"ix":1,"l":2},"s":{"a":0,"k":[100,100,100],"ix":6,"l":2}},"ao":0,"shapes":[{"ty":"gr","it":[{"ind":0,"ty":"sh","ix":1,"ks":{"a":1,"k":[{"i":{"x":0.667,"y":1},"o":{"x":0.167,"y":0.167},"t":-20,"s":[{"i":[[-0.54,-20.628],[-16.404,-26.858],[-18.849,0.38]],"o":[[-2.23,27.314],[16.404,26.858],[29.767,-0.6]],"v":[[0.132,-75.184],[25.441,12.77],[82.368,59.184]],"c":false}]},{"i":{"x":0.833,"y":0.833},"o":{"x":0.333,"y":0},"t":-10,"s":[{"i":[[-0.54,-20.628],[-22.114,-28.266],[-14.878,0.3]],"o":[[-2.7,33.068],[14.418,18.429],[29.767,-0.6]],"v":[[0.132,-75.184],[36.435,28.698],[82.368,59.184]],"c":false}]},{"i":{"x":0.667,"y":1},"o":{"x":0.167,"y":0.167},"t":-6.999,"s":[{"i":[[-0.27,-10.314],[-10.025,-30.105],[-7.439,0.15]],"o":[[-1.35,16.534],[6.761,20.302],[14.884,-0.3]],"v":[[0.132,-75.184],[18.197,26.052],[41.118,67.184]],"c":false}]},{"i":{"x":0.667,"y":1},"o":{"x":0.333,"y":0},"t":-3.999,"s":[{"i":[[0,0],[0,0],[0,0]],"o":[[0,0],[0,0],[0,0]],"v":[[0.132,-75.184],[-0.041,23.407],[-0.132,75.184]],"c":false}]},{"i":{"x":0.667,"y":1},"o":{"x":0.333,"y":0},"t":0,"s":[{"i":[[0,0],[9.466,-36.43],[16.992,2.263]],"o":[[0,0],[-6.172,23.752],[-43.154,-5.748]],"v":[[0.882,-73.309],[-8.478,10.886],[-41.882,51.309]],"c":false}]},{"i":{"x":0.667,"y":1},"o":{"x":0.333,"y":0},"t":8.999,"s":[{"i":[[6.845,-41.332],[-31.078,-20.171],[23.303,-11.608]],"o":[[-6.585,39.76],[22.699,14.732],[-45.697,-11.74]],"v":[[0.757,-68.684],[63.973,0.344],[65.868,50.184]],"c":false}]},{"i":{"x":0.833,"y":0.833},"o":{"x":0.333,"y":0},"t":15,"s":[{"i":[[-0.54,-20.628],[-22.114,-28.266],[-14.878,0.3]],"o":[[-2.7,33.068],[14.418,18.429],[29.767,-0.6]],"v":[[0.132,-75.184],[36.435,28.698],[82.368,59.184]],"c":false}]},{"i":{"x":0.667,"y":1},"o":{"x":0.167,"y":0.167},"t":17.999,"s":[{"i":[[-0.27,-10.314],[-10.025,-30.105],[-7.439,0.15]],"o":[[-1.35,16.534],[6.761,20.302],[14.884,-0.3]],"v":[[0.132,-75.184],[18.197,26.052],[41.118,67.184]],"c":false}]},{"i":{"x":0.667,"y":1},"o":{"x":0.333,"y":0},"t":21,"s":[{"i":[[0,0],[0,0],[0,0]],"o":[[0,0],[0,0],[0,0]],"v":[[0.132,-75.184],[-0.041,23.407],[-0.132,75.184]],"c":false}]},{"i":{"x":0.667,"y":1},"o":{"x":0.333,"y":0},"t":25,"s":[{"i":[[0,0],[9.466,-36.43],[16.992,2.263]],"o":[[0,0],[-6.172,23.752],[-43.154,-5.748]],"v":[[0.882,-73.309],[-8.478,10.886],[-41.882,51.309]],"c":false}]},{"i":{"x":0.667,"y":1},"o":{"x":0.333,"y":0},"t":34,"s":[{"i":[[6.845,-41.332],[-31.078,-20.171],[23.303,-11.608]],"o":[[-6.585,39.76],[22.699,14.732],[-45.697,-11.74]],"v":[[0.757,-68.684],[63.973,0.344],[65.868,50.184]],"c":false}]},{"t":40,"s":[{"i":[[-0.54,-20.628],[-22.114,-28.266],[-14.878,0.3]],"o":[[-2.7,33.068],[14.418,18.429],[29.767,-0.6]],"v":[[0.132,-75.184],[36.435,28.698],[82.368,59.184]],"c":false}]}],"ix":2},"nm":"Path 1","mn":"ADBE Vector Shape - Group","hd":false},{"ty":"st","c":{"a":0,"k":[0.6895,0.7271,0.8505,1],"ix":3},"o":{"a":0,"k":100,"ix":4},"w":{"a":0,"k":40,"ix":5},"lc":2,"lj":2,"bm":0,"nm":"Stroke 1","mn":"ADBE Vector Graphic - Stroke","hd":false},{"ty":"tr","p":{"a":0,"k":[20.131,95.184],"ix":2},"a":{"a":0,"k":[0,0],"ix":1},"s":{"a":0,"k":[100,100],"ix":3},"r":{"a":0,"k":0,"ix":6},"o":{"a":0,"k":100,"ix":7},"sk":{"a":0,"k":0,"ix":4},"sa":{"a":0,"k":0,"ix":5},"nm":"Transform"}],"nm":"Group 1","np":2,"cix":2,"bm":0,"ix":1,"mn":"ADBE Vector Group","hd":false}],"ip":0,"op":436,"st":-20,"bm":0},{"ddd":0,"ind":12,"ty":4,"nm":"tail","parent":7,"sr":1,"ks":{"o":{"a":0,"k":100,"ix":11},"r":{"a":1,"k":[{"i":{"x":[0.833],"y":[0.833]},"o":{"x":[0.167],"y":[0.167]},"t":0,"s":[-17]},{"i":{"x":[0.833],"y":[0.833]},"o":{"x":[0.167],"y":[0.167]},"t":6,"s":[10]},{"i":{"x":[0.833],"y":[0.833]},"o":{"x":[0.167],"y":[0.167]},"t":13.001,"s":[-17]},{"i":{"x":[0.833],"y":[0.833]},"o":{"x":[0.167],"y":[0.167]},"t":20,"s":[10]},{"t":25,"s":[-17]}],"ix":10},"p":{"a":0,"k":[40.937,218.761,0],"ix":2,"l":2},"a":{"a":0,"k":[65.863,31.09,0],"ix":1,"l":2},"s":{"a":0,"k":[100,100,100],"ix":6,"l":2}},"ao":0,"shapes":[{"ty":"gr","it":[{"ind":0,"ty":"sh","ix":1,"ks":{"a":0,"k":{"i":[[-9.156,7.505],[-16.639,-7.872],[5.377,-6.122],[4.79,-0.871],[1.446,-0.978],[0.731,-0.835],[8.103,1.145],[7.288,6.21]],"o":[[15.08,-12.354],[8.114,3.844],[-2.411,2.742],[-0.845,1.215],[-0.413,1],[-4.334,4.932],[-11.063,-1.553],[-8.806,-7.506]],"v":[[-32.706,-11.486],[29.921,-11.431],[36.486,5.261],[24.912,10.96],[21.523,14.3],[19.85,17.091],[-0.816,22.695],[-32.553,12.168]],"c":true},"ix":2},"nm":"Path 1","mn":"ADBE Vector Shape - Group","hd":false},{"ty":"fl","c":{"a":0,"k":[0.6895,0.7271,0.8505,1],"ix":4},"o":{"a":0,"k":100,"ix":5},"r":1,"bm":0,"nm":"Fill 1","mn":"ADBE Vector Graphic - Fill","hd":false},{"ty":"tr","p":{"a":0,"k":[42.112,24.09],"ix":2},"a":{"a":0,"k":[0,0],"ix":1},"s":{"a":0,"k":[100,100],"ix":3},"r":{"a":0,"k":0,"ix":6},"o":{"a":0,"k":100,"ix":7},"sk":{"a":0,"k":0,"ix":4},"sa":{"a":0,"k":0,"ix":5},"nm":"Transform"}],"nm":"Group 1","np":2,"cix":2,"bm":0,"ix":1,"mn":"ADBE Vector Group","hd":false}],"ip":0,"op":455,"st":0,"bm":0}],"markers":[{"tm":0,"cm":"1","dr":0}]}