{"nm":"dancingdog cut","ddd":0,"h":512,"w":512,"meta":{"g":"@lottiefiles/toolkit-js 0.33.2"},"layers":[{"ty":4,"nm":"Head","sr":1,"st":0,"op":180,"ip":0,"hd":false,"ddd":0,"bm":0,"hasMask":false,"ao":0,"ks":{"a":{"a":0,"k":[0,0,0],"ix":1},"s":{"a":0,"k":[100,100,100],"ix":6},"sk":{"a":0,"k":0},"p":{"a":0,"k":[256,256,0],"ix":2},"r":{"a":0,"k":0,"ix":10},"sa":{"a":0,"k":0},"o":{"a":0,"k":100,"ix":11}},"ef":[],"shapes":[{"ty":"gr","bm":0,"hd":false,"mn":"ADBE Vector Group","nm":"Ear","ix":1,"cix":2,"np":3,"it":[{"ty":"sh","bm":0,"hd":false,"mn":"ADBE Vector Shape - Group","nm":"Path 1","ix":1,"d":1,"ks":{"a":1,"k":[{"o":{"x":0.167,"y":0.167},"i":{"x":0.833,"y":0.833},"s":[{"c":true,"i":[[11.75,-6.25],[5.5,-11.75],[-13.25,21.75]],"o":[[11.5,12],[4.25,9],[-3.75,-7]],"v":[[-55.25,-119.25],[-55.25,-71.5],[-8.75,-94.75]]}],"t":0},{"o":{"x":0.167,"y":0.167},"i":{"x":0.833,"y":0.833},"s":[{"c":true,"i":[[21.5,-13],[5.5,-11.75],[-13.25,21.75]],"o":[[8.125,13.5],[4.25,9],[-16.688,-13.188]],"v":[[-53.563,-111.938],[-57.313,-62.688],[-12.875,-80.125]]}],"t":7},{"o":{"x":0.167,"y":0.167},"i":{"x":0.833,"y":0.833},"s":[{"c":true,"i":[[35.75,-4.5],[5.5,-11.75],[-15,15]],"o":[[7,14],[29.5,0.5],[-8.062,-16.125]],"v":[[-29.25,-155.5],[-21.5,-104],[22.5,-138.25]]}],"t":18},{"o":{"x":0.167,"y":0.167},"i":{"x":0.833,"y":0.833},"s":[{"c":true,"i":[[26.5,7.75],[5.5,-11.75],[-14.5,13]],"o":[[7,14],[25.5,1.75],[-8.062,-16.125]],"v":[[-45.25,-132.25],[-58.75,-86.5],[-12.75,-92.75]]}],"t":32},{"o":{"x":0.167,"y":0.167},"i":{"x":0.833,"y":0.833},"s":[{"c":true,"i":[[13.75,-7],[5.5,-11.75],[-7.5,16.75]],"o":[[12.5,6.25],[25.5,1.75],[-12.25,-13.25]],"v":[[-40.75,-159.5],[-25.75,-109.25],[0.5,-135]]}],"t":45},{"o":{"x":0.167,"y":0.167},"i":{"x":0.833,"y":0.833},"s":[{"c":true,"i":[[13.75,-7],[5.5,-11.75],[-3.5,18.75]],"o":[[6.5,13.75],[25.5,1.75],[-8.25,-8.25]],"v":[[-78.25,-128],[-82.5,-77.25],[-41.5,-91.5]]}],"t":57},{"o":{"x":0.167,"y":0.167},"i":{"x":0.833,"y":0.833},"s":[{"c":true,"i":[[13.75,-7],[0.25,-15.75],[-3.5,5.75]],"o":[[2.5,16.5],[22.5,-0.5],[-8.25,-8.25]],"v":[[-76,-118.5],[-72.75,-68.75],[-36.75,-86.25]]}],"t":61},{"o":{"x":0.167,"y":0.167},"i":{"x":0.833,"y":0.833},"s":[{"c":true,"i":[[13.75,-7],[0.25,-15.75],[-3.5,5.75]],"o":[[2.5,16.5],[22.5,-0.5],[-8.25,-8.25]],"v":[[-71.25,-125.25],[-64.75,-75.25],[-28,-94]]}],"t":67},{"o":{"x":0.167,"y":0.167},"i":{"x":0.833,"y":0.833},"s":[{"c":true,"i":[[13.75,-7],[0.25,-15.75],[-23.25,26.75]],"o":[[2.5,16.5],[23,6.25],[-8.25,-8.25]],"v":[[-17.5,-155.75],[-13.5,-110.25],[31.5,-152]]}],"t":78},{"o":{"x":0.167,"y":0.167},"i":{"x":0.833,"y":0.833},"s":[{"c":true,"i":[[27.75,-8.5],[0.25,-15.75],[-10.75,24.25]],"o":[[21.25,18.25],[17.5,-4.5],[-15.5,-3.75]],"v":[[-48.5,-142.75],[-48.75,-91.25],[-2,-106.5]]}],"t":89},{"o":{"x":0.167,"y":0.167},"i":{"x":0.833,"y":0.833},"s":[{"c":true,"i":[[27.75,-8.5],[-1.25,-13.25],[-10.75,24.25]],"o":[[12.25,14.25],[17.5,4.5],[-15.5,-3.75]],"v":[[-29,-149.5],[-34,-103.5],[8.5,-123]]}],"t":97},{"o":{"x":0.167,"y":0.167},"i":{"x":0.833,"y":0.833},"s":[{"c":true,"i":[[34.75,-5.25],[-1.25,-13.25],[-12,13.5]],"o":[[12.25,14.25],[6.75,2],[-10.75,-8.25]],"v":[[-15.5,-149.75],[-7.25,-102],[24.5,-128.5]]}],"t":105},{"o":{"x":0.167,"y":0.167},"i":{"x":0.833,"y":0.833},"s":[{"c":true,"i":[[18.25,-9],[-3.25,-13.25],[1.5,15.5]],"o":[[12.75,16.75],[17.25,5.5],[-14.25,-3.25]],"v":[[-48,-131.25],[-48,-84],[-6.5,-107]]}],"t":114},{"o":{"x":0.167,"y":0.167},"i":{"x":0.833,"y":0.833},"s":[{"c":true,"i":[[18.25,-9],[-3.25,-13.25],[1.5,15.5]],"o":[[12.75,16.75],[17.25,5.5],[-14.25,-3.25]],"v":[[-62.5,-121.5],[-57.5,-77],[-17.5,-107]]}],"t":126},{"o":{"x":0.167,"y":0.167},"i":{"x":0.833,"y":0.833},"s":[{"c":true,"i":[[18.25,-9],[-3.25,-13.25],[5,26.25]],"o":[[12.75,16.75],[17.25,5.5],[-15.25,13]],"v":[[-39.75,-157.25],[-34,-121.75],[1.5,-149.25]]}],"t":137},{"o":{"x":0.167,"y":0.167},"i":{"x":0.833,"y":0.833},"s":[{"c":true,"i":[[12.5,-13.75],[-3.25,-13.25],[-8.25,27.75]],"o":[[12.75,16.75],[17.25,5.5],[-20.5,0.5]],"v":[[-71,-125.75],[-75.5,-77],[-23.25,-119]]}],"t":148},{"o":{"x":0.167,"y":0.167},"i":{"x":0.833,"y":0.833},"s":[{"c":true,"i":[[12.25,-8.25],[-2.25,-10.5],[-8.25,27.75]],"o":[[10.25,28.5],[21,-5.5],[-12.25,-0.5]],"v":[[-72,-103.75],[-80.5,-52.25],[-36,-74]]}],"t":159},{"o":{"x":0.167,"y":0.167},"i":{"x":0.833,"y":0.833},"s":[{"c":true,"i":[[12.25,-8.25],[-2.25,-10.5],[-8.25,27.75]],"o":[[16,8.25],[21,-5.5],[-12.25,-0.5]],"v":[[-47.25,-156.25],[-25.25,-108.75],[-3.75,-162.75]]}],"t":170},{"s":[{"c":true,"i":[[11.75,-6.25],[5.5,-11.75],[-13.25,21.75]],"o":[[11.5,12],[4.25,9],[-3.75,-7]],"v":[[-55.25,-119.25],[-55.25,-71.5],[-8.75,-94.75]]}],"t":179}],"ix":2}},{"ty":"fl","bm":0,"hd":false,"mn":"ADBE Vector Graphic - Fill","nm":"Fill 1","c":{"a":0,"k":[0,0,0],"ix":4},"r":1,"o":{"a":0,"k":100,"ix":5}},{"ty":"tr","a":{"a":0,"k":[0,0],"ix":1},"s":{"a":0,"k":[100,100],"ix":3},"sk":{"a":0,"k":0,"ix":4},"p":{"a":0,"k":[0,0],"ix":2},"r":{"a":0,"k":0,"ix":6},"sa":{"a":0,"k":0,"ix":5},"o":{"a":0,"k":100,"ix":7}}]},{"ty":"gr","bm":0,"hd":false,"mn":"ADBE Vector Group","nm":"Eye 1","ix":2,"cix":2,"np":3,"it":[{"ty":"sh","bm":0,"hd":false,"mn":"ADBE Vector Shape - Group","nm":"Path 1","ix":1,"d":1,"ks":{"a":1,"k":[{"o":{"x":0.167,"y":0.167},"i":{"x":0.833,"y":0.833},"s":[{"c":true,"i":[[-8,11],[3.958,-6.135]],"o":[[8,-11],[-5,7.75]],"v":[[-103.25,-109.75],[-85.75,-97.5]]}],"t":0},{"o":{"x":0.167,"y":0.167},"i":{"x":0.833,"y":0.833},"s":[{"c":true,"i":[[-8,11],[3.958,-6.135]],"o":[[8,-11],[-5,7.75]],"v":[[-104.75,-97.5],[-87.25,-85.25]]}],"t":7},{"o":{"x":0.167,"y":0.167},"i":{"x":0.833,"y":0.833},"s":[{"c":true,"i":[[-8,11],[3.958,-6.135]],"o":[[8,-11],[-5,7.75]],"v":[[-68.75,-162.25],[-51.25,-150]]}],"t":18},{"o":{"x":0.167,"y":0.167},"i":{"x":0.833,"y":0.833},"s":[{"c":true,"i":[[-8,11],[3.958,-6.135]],"o":[[8,-11],[-5,7.75]],"v":[[-94.5,-134.5],[-77,-122.25]]}],"t":32},{"o":{"x":0.167,"y":0.167},"i":{"x":0.833,"y":0.833},"s":[{"c":true,"i":[[-8,11],[3.958,-6.135]],"o":[[8,-11],[-5,7.75]],"v":[[-77.75,-165.75],[-60.25,-153.5]]}],"t":44},{"o":{"x":0.167,"y":0.167},"i":{"x":0.833,"y":0.833},"s":[{"c":true,"i":[[-8,11],[3.958,-6.135]],"o":[[8,-11],[-5,7.75]],"v":[[-131.5,-105.25],[-114,-93]]}],"t":61},{"o":{"x":0.167,"y":0.167},"i":{"x":0.833,"y":0.833},"s":[{"c":true,"i":[[-8,11],[3.958,-6.135]],"o":[[8,-11],[-5,7.75]],"v":[[-123,-108.25],[-105.5,-96]]}],"t":67},{"o":{"x":0.167,"y":0.167},"i":{"x":0.833,"y":0.833},"s":[{"c":true,"i":[[-8,11],[3.958,-6.135]],"o":[[8,-11],[-5,7.75]],"v":[[-70,-169.25],[-52.5,-157]]}],"t":78},{"o":{"x":0.167,"y":0.167},"i":{"x":0.833,"y":0.833},"s":[{"c":true,"i":[[-8,11],[3.958,-6.135]],"o":[[8,-11],[-5,7.75]],"v":[[-91.5,-136],[-74,-123.75]]}],"t":89},{"o":{"x":0.167,"y":0.167},"i":{"x":0.833,"y":0.833},"s":[{"c":true,"i":[[-8,11],[3.958,-6.135]],"o":[[8,-11],[-5,7.75]],"v":[[-66.75,-146.25],[-53.25,-133.75]]}],"t":97},{"o":{"x":0.167,"y":0.167},"i":{"x":0.833,"y":0.833},"s":[{"c":true,"i":[[-3.658,7.088],[3.958,-6.135]],"o":[[4,-7.75],[-5,7.75]],"v":[[-46.5,-153.75],[-36.5,-144]]}],"t":105},{"o":{"x":0.167,"y":0.167},"i":{"x":0.833,"y":0.833},"s":[{"c":true,"i":[[-3.658,7.088],[3.958,-6.135]],"o":[[4,-7.75],[-5,7.75]],"v":[[-87.25,-122.5],[-73,-110.5]]}],"t":114},{"o":{"x":0.167,"y":0.167},"i":{"x":0.833,"y":0.833},"s":[{"c":true,"i":[[-2.246,8.78],[4.615,-5.658]],"o":[[2.75,-10.75],[-7.75,9.5]],"v":[[-108.5,-97.25],[-89,-90.25]]}],"t":126},{"o":{"x":0.167,"y":0.167},"i":{"x":0.833,"y":0.833},"s":[{"c":true,"i":[[-4,7],[3.623,-4.576]],"o":[[4.515,-7.901],[-4.75,6]],"v":[[-80,-157],[-65,-144.5]]}],"t":137},{"o":{"x":0.167,"y":0.167},"i":{"x":0.833,"y":0.833},"s":[{"c":true,"i":[[-4,7],[6.712,-6.54]],"o":[[4.515,-7.901],[-9.75,9.5]],"v":[[-118.5,-119],[-105.5,-108.5]]}],"t":148},{"o":{"x":0.167,"y":0.167},"i":{"x":0.833,"y":0.833},"s":[{"c":true,"i":[[-4,7],[6,-6.5]],"o":[[4.515,-7.901],[-3.765,4.079]],"v":[[-124.25,-84],[-111.25,-73.5]]}],"t":159},{"o":{"x":0.167,"y":0.167},"i":{"x":0.833,"y":0.833},"s":[{"c":true,"i":[[-4,7],[6,-6.5]],"o":[[4.515,-7.901],[-3.765,4.079]],"v":[[-87,-151.75],[-74,-141.25]]}],"t":170},{"s":[{"c":true,"i":[[-8,11],[3.958,-6.135]],"o":[[8,-11],[-5,7.75]],"v":[[-103.25,-109.75],[-85.75,-97.5]]}],"t":179}],"ix":2}},{"ty":"fl","bm":0,"hd":false,"mn":"ADBE Vector Graphic - Fill","nm":"Fill 1","c":{"a":0,"k":[0,0,0],"ix":4},"r":1,"o":{"a":0,"k":100,"ix":5}},{"ty":"tr","a":{"a":0,"k":[0,0],"ix":1},"s":{"a":0,"k":[100,100],"ix":3},"sk":{"a":0,"k":0,"ix":4},"p":{"a":0,"k":[0,0],"ix":2},"r":{"a":0,"k":0,"ix":6},"sa":{"a":0,"k":0,"ix":5},"o":{"a":0,"k":100,"ix":7}}]},{"ty":"gr","bm":0,"hd":false,"mn":"ADBE Vector Group","nm":"nose","ix":3,"cix":2,"np":3,"it":[{"ty":"sh","bm":0,"hd":false,"mn":"ADBE Vector Shape - Group","nm":"Path 1","ix":1,"d":1,"ks":{"a":1,"k":[{"o":{"x":0.167,"y":0.167},"i":{"x":0.833,"y":0.833},"s":[{"c":true,"i":[[5,-3.5],[-8,-2],[1.5,4.5]],"o":[[-5,3.5],[8,2],[-1.5,-4.5]],"v":[[-151.5,-111],[-152,-81],[-129.5,-104.5]]}],"t":0},{"o":{"x":0.167,"y":0.167},"i":{"x":0.833,"y":0.833},"s":[{"c":true,"i":[[1.197,-5.985],[-7,1],[-2.5,10.5]],"o":[[-1.5,7.5],[5.168,-0.738],[1.099,-4.614]],"v":[[-158.5,-88.5],[-148,-57.5],[-136.5,-83.5]]}],"t":7},{"o":{"x":0.167,"y":0.167},"i":{"x":0.833,"y":0.833},"s":[{"c":true,"i":[[2.5,-8.5],[-21,1.5],[-6.792,6.792]],"o":[[-3.321,11.29],[13.466,-0.962],[7,-7]],"v":[[-113,-182.5],[-111,-154],[-92.5,-173]]}],"t":18},{"o":{"x":0.167,"y":0.167},"i":{"x":0.833,"y":0.833},"s":[{"c":true,"i":[[2.5,-8.5],[-9.927,-1.567],[-5.5,4]],"o":[[-3.321,11.29],[9.5,1.5],[8.006,-5.823]],"v":[[-145,-137],[-143,-108.5],[-125.5,-127]]}],"t":32},{"o":{"x":0.167,"y":0.167},"i":{"x":0.833,"y":0.833},"s":[{"c":true,"i":[[2.5,-8.5],[-9.927,-1.567],[-5.5,4]],"o":[[-3.321,11.29],[9.5,1.5],[8.006,-5.823]],"v":[[-122,-188.5],[-120,-160],[-102.5,-178.5]]}],"t":45},{"o":{"x":0.167,"y":0.167},"i":{"x":0.833,"y":0.833},"s":[{"c":true,"i":[[7.809,-6.247],[-5.96,7.663],[-5.174,4.413]],"o":[[-2.5,2],[3.5,-4.5],[17,-14.5]],"v":[[-186.5,-97.5],[-175,-69.5],[-167,-87.5]]}],"t":61},{"o":{"x":0.167,"y":0.167},"i":{"x":0.833,"y":0.833},"s":[{"c":true,"i":[[7.809,-6.247],[-5.96,7.663],[-5.174,4.413]],"o":[[-2.5,2],[3.5,-4.5],[17,-14.5]],"v":[[-177,-103],[-165.5,-73],[-157.5,-93]]}],"t":67},{"o":{"x":0.167,"y":0.167},"i":{"x":0.833,"y":0.833},"s":[{"c":true,"i":[[7.809,-6.247],[-9.552,-1.737],[-5.659,3.772]],"o":[[-2.5,2],[5.5,1],[7.5,-5]],"v":[[-113,-189.5],[-116,-161.5],[-95.5,-183]]}],"t":78},{"o":{"x":0.167,"y":0.167},"i":{"x":0.833,"y":0.833},"s":[{"c":true,"i":[[7.809,-6.247],[-5.5,-2],[-5.659,3.772]],"o":[[-2.5,2],[5.254,1.91],[7.5,-5]],"v":[[-142.5,-142],[-144.5,-113.5],[-125,-135.5]]}],"t":89},{"o":{"x":0.167,"y":0.167},"i":{"x":0.833,"y":0.833},"s":[{"c":true,"i":[[7.809,-6.247],[-5.5,-2],[-5.659,3.772]],"o":[[-2.5,2],[5.254,1.91],[7.5,-5]],"v":[[-111,-143.5],[-109,-125.5],[-93.5,-137]]}],"t":97},{"o":{"x":0.167,"y":0.167},"i":{"x":0.833,"y":0.833},"s":[{"c":true,"i":[[2.617,-17.195],[-28.5,0],[-9,23]],"o":[[-3.5,23],[28.258,0],[5.312,-13.575]],"v":[[-84,-164.5],[-78.5,-136],[-64,-154.5]]}],"t":105},{"o":{"x":0.167,"y":0.167},"i":{"x":0.833,"y":0.833},"s":[{"c":true,"i":[[2.72,-6.527],[-12,1],[-9,23]],"o":[[-2.5,6],[12.457,-1.038],[5.312,-13.575]],"v":[[-133,-118],[-130.5,-94],[-114,-109]]}],"t":114},{"o":{"x":0.167,"y":0.167},"i":{"x":0.833,"y":0.833},"s":[{"c":true,"i":[[2.72,-6.527],[-12,1],[-9,23]],"o":[[-2.5,6],[12.457,-1.038],[5.312,-13.575]],"v":[[-152,-84.5],[-149.5,-60.5],[-133,-75.5]]}],"t":126},{"o":{"x":0.167,"y":0.167},"i":{"x":0.833,"y":0.833},"s":[{"c":true,"i":[[-0.5,-11.5],[-11.802,-2.392],[-14.811,26.929]],"o":[[0.282,6.494],[37,7.5],[5.5,-10]],"v":[[-124,-173.5],[-125,-142],[-103.5,-159.5]]}],"t":137},{"o":{"x":0.167,"y":0.167},"i":{"x":0.833,"y":0.833},"s":[{"c":true,"i":[[-0.5,-11.5],[-10.325,2.888],[-10.714,16.442]],"o":[[0.282,6.494],[11.25,2],[10.25,-11.75]],"v":[[-170.25,-121.75],[-166.75,-89.5],[-151,-113]]}],"t":148},{"o":{"x":0.167,"y":0.167},"i":{"x":0.833,"y":0.833},"s":[{"c":true,"i":[[-0.5,-11.5],[-8.848,8.168],[-6.617,5.955]],"o":[[0.282,6.494],[6.5,-6],[15,-13.5]],"v":[[-176.5,-68],[-161.5,-42],[-155.5,-62.5]]}],"t":159},{"o":{"x":0.167,"y":0.167},"i":{"x":0.833,"y":0.833},"s":[{"c":true,"i":[[-0.5,-11.5],[-10.974,-4.956],[-7.962,3.981]],"o":[[0.282,6.494],[15.5,7],[15,-7.5]],"v":[[-139,-167.5],[-138,-138.5],[-122,-156]]}],"t":170},{"s":[{"c":true,"i":[[5,-3.5],[-8,-2],[1.5,4.5]],"o":[[-5,3.5],[8,2],[-1.5,-4.5]],"v":[[-151.5,-111],[-152,-81],[-129.5,-104.5]]}],"t":179}],"ix":2}},{"ty":"st","bm":0,"hd":false,"mn":"ADBE Vector Graphic - Stroke","nm":"Stroke 1","lc":1,"lj":1,"ml":4,"o":{"a":0,"k":100,"ix":4},"w":{"a":0,"k":2,"ix":5},"c":{"a":0,"k":[0,0,0],"ix":3}},{"ty":"fl","bm":0,"hd":false,"mn":"ADBE Vector Graphic - Fill","nm":"Fill 1","c":{"a":0,"k":[0,0,0],"ix":4},"r":1,"o":{"a":0,"k":100,"ix":5}},{"ty":"tr","a":{"a":0,"k":[0,0],"ix":1},"s":{"a":0,"k":[100,100],"ix":3},"sk":{"a":0,"k":0,"ix":4},"p":{"a":0,"k":[0,0],"ix":2},"r":{"a":0,"k":0,"ix":6},"sa":{"a":0,"k":0,"ix":5},"o":{"a":0,"k":100,"ix":7}}]},{"ty":"gr","bm":0,"hd":false,"mn":"ADBE Vector Group","nm":"face","ix":4,"cix":2,"np":3,"it":[{"ty":"sh","bm":0,"hd":false,"mn":"ADBE Vector Shape - Group","nm":"Path 1","ix":1,"d":1,"ks":{"a":1,"k":[{"o":{"x":0.167,"y":0.167},"i":{"x":0.833,"y":0.833},"s":[{"c":true,"i":[[21,3.5],[-7.931,-13.383],[-14.395,-50.594],[-13.994,1.128],[-19,24.5]],"o":[[-42.851,-7.142],[5.506,9.291],[4.908,17.249],[27.733,-2.235],[8.907,-11.485]],"v":[[-87,-134],[-154,-84.5],[-116.105,-24.906],[-75.486,-2.831],[-20,-82.5]]}],"t":0},{"o":{"x":0.167,"y":0.167},"i":{"x":0.833,"y":0.833},"s":[{"c":true,"i":[[31.755,7.702],[-5.344,-10.39],[-20.321,-58.726],[-13.479,0.288],[3.055,24.489]],"o":[[-65.478,-16.9],[10.378,20.178],[9.679,7.774],[25.682,-0.982],[0.555,-8.011]],"v":[[-75.522,-122.1],[-151.878,-63.178],[-100.679,-10.274],[-63.718,1.83],[-30.055,-99.489]]}],"t":7},{"o":{"x":0.167,"y":0.167},"i":{"x":0.833,"y":0.833},"s":[{"c":true,"i":[[19.582,10.966],[-5.679,-20.058],[-18.316,-45.272],[-12.67,-1.033],[-4.763,5.85]],"o":[[-49.506,-27.724],[16.166,57.097],[9.43,7.857],[22.459,0.986],[4.763,-5.85]],"v":[[-38.582,-163.466],[-120.321,-156.942],[-116.061,-67.108],[-67.624,-50.994],[-5.763,-101.65]]}],"t":18},{"o":{"x":0.167,"y":0.167},"i":{"x":0.833,"y":0.833},"s":[{"c":true,"i":[[23.428,11.502],[-6.238,-21.261],[-12.335,-68.548],[-13.113,5.036],[-12.873,14.109]],"o":[[-50.899,-25.376],[11.043,37.639],[1.402,7.789],[21.305,-8.183],[6.107,-6.693]],"v":[[-59.595,-140.854],[-144.043,-115.639],[-110.165,-31.452],[-71.305,-19.317],[-17.127,-91.609]]}],"t":32},{"o":{"x":0.167,"y":0.167},"i":{"x":0.833,"y":0.833},"s":[{"c":true,"i":[[26.725,11.962],[-5.157,-9.97],[-6.279,-15.895],[-10.871,-3.557],[-9.317,17.915]],"o":[[-52.094,-23.365],[13.773,26.626],[3.901,9.875],[15.069,4.742],[9.317,-17.915]],"v":[[-55.353,-171.258],[-128.773,-162.126],[-120.221,-64.605],[-80.07,-54.089],[-19.817,-105.585]]}],"t":45},{"o":{"x":0.167,"y":0.167},"i":{"x":0.833,"y":0.833},"s":[{"c":true,"i":[[30.353,6.758],[-10.954,-2.45],[-7.894,-15.158],[-7.43,6.089],[-0.926,20.172]],"o":[[-47.948,-10.675],[45.273,10.126],[4.221,8.105],[14.258,-11.685],[0.317,-6.915]],"v":[[-106.353,-130.758],[-178.773,-72.126],[-109.721,-11.605],[-78.57,-7.089],[-43.317,-97.585]]}],"t":61},{"o":{"x":0.167,"y":0.167},"i":{"x":0.833,"y":0.833},"s":[{"c":true,"i":[[30.353,6.758],[-10.798,-3.065],[-7.894,-15.158],[-7.43,6.089],[-0.926,20.172]],"o":[[-47.948,-10.675],[49.773,14.126],[4.221,8.105],[14.258,-11.685],[0.317,-6.915]],"v":[[-93.353,-134.758],[-167.773,-73.626],[-104.721,-15.605],[-73.57,-9.089],[-31.317,-98.085]]}],"t":67},{"o":{"x":0.167,"y":0.167},"i":{"x":0.833,"y":0.833},"s":[{"c":true,"i":[[65.448,28.543],[-6.497,-9.152],[-5.554,-16.163],[-9.22,2.699],[-8.495,19.247]],"o":[[-52.147,-22.742],[16.773,23.626],[6.221,18.105],[15.07,-4.411],[4.817,-10.915]],"v":[[-39.853,-173.758],[-118.773,-164.626],[-107.221,-75.605],[-67.07,-62.589],[-4.317,-109.585]]}],"t":78},{"o":{"x":0.167,"y":0.167},"i":{"x":0.833,"y":0.833},"s":[{"c":true,"i":[[59.353,23.258],[-3.848,-10.544],[-0.779,-67.895],[-19.43,9.089],[-8.495,19.247]],"o":[[-52.968,-20.756],[12.273,33.626],[0.152,13.245],[23.331,-10.913],[4.817,-10.915]],"v":[[-63.853,-151.758],[-143.273,-113.626],[-112.721,-46.605],[-65.57,-25.089],[-12.817,-92.085]]}],"t":89},{"o":{"x":0.167,"y":0.167},"i":{"x":0.833,"y":0.833},"s":[{"c":true,"i":[[61.353,25.758],[-5.817,-9.599],[-5.779,-59.395],[-21.319,2.378],[-8.495,16.427]],"o":[[-52.455,-22.022],[9.773,16.126],[1.283,13.184],[35.07,-3.911],[3.317,-6.415]],"v":[[-56.353,-165.258],[-111.273,-128.126],[-112.721,-46.605],[-66.57,-39.089],[-4.317,-101.085]]}],"t":97},{"o":{"x":0.167,"y":0.167},"i":{"x":0.833,"y":0.833},"s":[{"c":true,"i":[[58.353,4.758],[-5.817,-9.599],[-5.779,-59.395],[-21.319,2.378],[-8.495,16.427]],"o":[[-56.702,-4.623],[9.773,16.126],[1.283,13.184],[35.07,-3.911],[3.317,-6.415]],"v":[[-56.353,-171.258],[-111.273,-128.126],[-117.221,-70.605],[-60.07,-42.589],[-4.317,-101.085]]}],"t":105},{"o":{"x":0.167,"y":0.167},"i":{"x":0.833,"y":0.833},"s":[{"c":true,"i":[[39.353,8.758],[-4.864,-10.116],[-5.779,-25.895],[-19.728,8.423],[-8.495,16.427]],"o":[[-55.531,-12.358],[7.273,15.126],[2.885,12.928],[29.07,-12.411],[3.317,-6.415]],"v":[[-75.353,-142.758],[-133.773,-94.126],[-121.721,-41.105],[-72.57,-15.089],[-26.317,-92.585]]}],"t":114},{"o":{"x":0.167,"y":0.167},"i":{"x":0.833,"y":0.833},"s":[{"c":true,"i":[[39.263,9.155],[-4.864,-10.116],[-5.779,-25.895],[-19.728,8.423],[-8.495,16.427]],"o":[[-54.647,-12.742],[7.273,15.126],[2.885,12.928],[29.07,-12.411],[3.317,-6.415]],"v":[[-82.853,-129.258],[-152.273,-61.626],[-120.721,-35.105],[-68.57,-4.089],[-26.317,-92.585]]}],"t":126},{"o":{"x":0.167,"y":0.167},"i":{"x":0.833,"y":0.833},"s":[{"c":true,"i":[[63.603,11.258],[0.577,-2.429],[-5.779,-25.895],[-19.728,8.423],[-8.495,16.427]],"o":[[-55.254,-9.78],[-8.227,34.626],[2.885,12.928],[29.07,-12.411],[3.317,-6.415]],"v":[[-74.853,-171.258],[-127.773,-146.126],[-120.721,-35.105],[-72.07,-49.089],[-13.817,-103.085]]}],"t":137},{"o":{"x":0.167,"y":0.167},"i":{"x":0.833,"y":0.833},"s":[{"c":true,"i":[[38.546,11.547],[-0.845,-1.736],[-7.514,-22.536],[-11.829,5.256],[4.661,18.256]],"o":[[-56.147,-16.992],[19.773,15.876],[2.553,8.766],[28.49,-13.623],[-0.738,-5.909]],"v":[[-99.353,-141.258],[-168.773,-92.876],[-128.721,-30.105],[-85.07,-4.589],[-44.317,-89.085]]}],"t":148},{"o":{"x":0.167,"y":0.167},"i":{"x":0.833,"y":0.833},"s":[{"c":true,"i":[[37.83,13.94],[-2.268,-1.043],[-9.249,-19.176],[-3.93,2.089],[17.817,20.085]],"o":[[-57.647,-21.242],[25.273,11.626],[2.221,4.605],[27.911,-14.835],[-4.792,-5.402]],"v":[[-94.853,-117.258],[-165.773,-43.626],[-98.721,-0.105],[-75.07,9.911],[-54.817,-90.085]]}],"t":159},{"o":{"x":0.167,"y":0.167},"i":{"x":0.833,"y":0.833},"s":[{"c":true,"i":[[61.103,16.758],[-0.567,-2.431],[-5.526,-58.138],[-11.951,5.589],[11.817,21.085]],"o":[[-59.248,-16.249],[5.273,22.626],[1.721,18.105],[11.57,-5.411],[-3.531,-6.3]],"v":[[-70.353,-166.758],[-141.273,-146.126],[-124.721,-68.105],[-78.57,-47.589],[-21.817,-112.585]]}],"t":170},{"s":[{"c":true,"i":[[21,3.5],[-7.931,-13.383],[-14.395,-50.594],[-13.994,1.128],[-19,24.5]],"o":[[-42.851,-7.142],[5.506,9.291],[4.908,17.249],[27.733,-2.235],[8.907,-11.485]],"v":[[-87,-134],[-154,-84.5],[-116.105,-24.906],[-75.486,-2.831],[-20,-82.5]]}],"t":179}],"ix":2}},{"ty":"fl","bm":0,"hd":false,"mn":"ADBE Vector Graphic - Fill","nm":"Fill 1","c":{"a":0,"k":[1,0.9804,0.8824],"ix":4},"r":1,"o":{"a":0,"k":100,"ix":5}},{"ty":"tr","a":{"a":0,"k":[0,0],"ix":1},"s":{"a":0,"k":[100,100],"ix":3},"sk":{"a":0,"k":0,"ix":4},"p":{"a":0,"k":[0,0],"ix":2},"r":{"a":0,"k":0,"ix":6},"sa":{"a":0,"k":0,"ix":5},"o":{"a":0,"k":100,"ix":7}}]}],"ind":1},{"ty":4,"nm":"Paw 1","sr":1,"st":0,"op":180,"ip":0,"hd":false,"ddd":0,"bm":0,"hasMask":false,"ao":0,"ks":{"a":{"a":0,"k":[0,0,0],"ix":1},"s":{"a":0,"k":[100,100,100],"ix":6},"sk":{"a":0,"k":0},"p":{"a":0,"k":[256,256,0],"ix":2},"r":{"a":0,"k":0,"ix":10},"sa":{"a":0,"k":0},"o":{"a":0,"k":100,"ix":11}},"ef":[],"shapes":[{"ty":"gr","bm":0,"hd":false,"mn":"ADBE Vector Group","nm":"Shape 1","ix":1,"cix":2,"np":3,"it":[{"ty":"sh","bm":0,"hd":false,"mn":"ADBE Vector Shape - Group","nm":"Path 1","ix":1,"d":1,"ks":{"a":1,"k":[{"o":{"x":0.167,"y":0.167},"i":{"x":0.833,"y":0.833},"s":[{"c":true,"i":[[-11.369,13.304],[-14,-9],[11.926,-16.432],[2,33.5]],"o":[[23.5,-27.5],[14,9],[-22.5,31],[-0.672,-11.26]],"v":[[23.5,58],[-29.5,70.5],[-12,171],[17,167]]}],"t":0},{"o":{"x":0.167,"y":0.167},"i":{"x":0.833,"y":0.833},"s":[{"c":true,"i":[[-11.369,13.304],[-14,-9],[13.399,-15.255],[2,33.5]],"o":[[23.5,-27.5],[14,9],[-32.5,37],[-0.672,-11.26]],"v":[[39.5,63],[-13.5,75.5],[-8,169],[19.5,167.5]]}],"t":7},{"o":{"x":0.167,"y":0.167},"i":{"x":0.833,"y":0.833},"s":[{"c":true,"i":[[-16.5,19.5],[-12.691,-10.768],[6.5,-9],[4,29.5]],"o":[[23.366,-27.614],[16.5,14],[-21.11,29.229],[-1.516,-11.178]],"v":[[33.5,36.5],[-30.5,55.5],[-12,169],[15.5,167.5]]}],"t":14},{"o":{"x":0.167,"y":0.167},"i":{"x":0.833,"y":0.833},"s":[{"c":true,"i":[[-9.5,15],[-15.314,-6.517],[2.264,-10.868],[3.968,32.315]],"o":[[19.354,-30.56],[23.5,10],[-10,48],[-3.5,-28.5]],"v":[[18.5,25],[-37.5,52],[-36.5,153.5],[-9,152]]}],"t":18},{"o":{"x":0.167,"y":0.167},"i":{"x":0.833,"y":0.833},"s":[{"c":true,"i":[[-11.5,69.75],[-15.314,-6.517],[-6.25,-35.25],[8.153,32.419]],"o":[[5.885,-35.691],[23.5,10],[6.25,35.25],[-9,-34]],"v":[[18,41.75],[-34.75,56.75],[-26.25,159.75],[1.5,146]]}],"t":25},{"o":{"x":0.167,"y":0.167},"i":{"x":0.833,"y":0.833},"s":[{"c":true,"i":[[-9.5,15],[-15.314,-6.517],[0.791,-11.074],[12.337,32.524]],"o":[[19.354,-30.56],[23.5,10],[-2.5,35],[-5.5,-14.5]],"v":[[17.5,58.5],[-37,73.5],[-33,177],[-5,157]]}],"t":32},{"o":{"x":0.167,"y":0.167},"i":{"x":0.833,"y":0.833},"s":[{"c":true,"i":[[4.5,30],[-15.314,-6.517],[-15.795,-30.932],[11.678,21.763]],"o":[[-5.366,-35.773],[23.5,10],[24,47],[-11,-20.5]],"v":[[22.5,27.5],[-28.5,45],[-15,150.5],[10.5,124]]}],"t":43},{"o":{"x":0.167,"y":0.167},"i":{"x":0.833,"y":0.833},"s":[{"c":true,"i":[[2.75,24.375],[-12.744,-10.705],[-23.875,-59.875],[11.678,21.763]],"o":[[-1.165,-35.409],[28.125,23.625],[20.294,50.894],[-11,-20.5]],"v":[[19.375,23.125],[-33.125,40.875],[-16.625,141.875],[2.375,119]]}],"t":47},{"o":{"x":0.167,"y":0.167},"i":{"x":0.833,"y":0.833},"s":[{"c":true,"i":[[-2.5,7.5],[-15.314,-6.517],[2.5,-13],[11.678,21.763]],"o":[[11.439,-34.317],[23.5,10],[-10.63,55.277],[-11,-20.5]],"v":[[16,68],[-37,74.5],[-9.5,170],[16,162]]}],"t":59},{"o":{"x":0.167,"y":0.167},"i":{"x":0.833,"y":0.833},"s":[{"c":true,"i":[[-9.941,22.676],[-14.829,-7.487],[8.651,-30.181],[5.297,29.134]],"o":[[9.941,-22.676],[24.294,12.382],[-14.206,49.559],[-1.765,-9.706]],"v":[[31.559,59.176],[-24.882,67.529],[-6.294,168.941],[20.265,165.206]]}],"t":68},{"o":{"x":0.167,"y":0.167},"i":{"x":0.833,"y":0.833},"s":[{"c":true,"i":[[-4.538,6.474],[-14.397,-8.35],[0.681,-13.221],[17.5,40.5]],"o":[[37.5,-53.5],[25,14.5],[-2.5,48.5],[-9.228,-21.357]],"v":[[26.5,40],[-33,50],[-11,159.5],[16.5,152]]}],"t":76},{"o":{"x":0.167,"y":0.167},"i":{"x":0.833,"y":0.833},"s":[{"c":true,"i":[[-4.538,6.474],[-14.397,-8.35],[3.804,-12.68],[12,30.5]],"o":[[37.5,-53.5],[25,14.5],[-15,50],[-8.518,-21.65]],"v":[[10.5,61],[-48.5,62],[-34,173],[-6,167]]}],"t":87},{"o":{"x":0.167,"y":0.167},"i":{"x":0.833,"y":0.833},"s":[{"c":true,"i":[[11.5,23],[-14.041,-8.935],[-8.615,-27.171],[26.267,25.731]],"o":[[-29.218,-58.436],[22,14],[19.5,61.5],[-24.5,-24]],"v":[[26,21.5],[-16.5,37],[-9.5,119],[20,121.5]]}],"t":98},{"o":{"x":0.167,"y":0.167},"i":{"x":0.833,"y":0.833},"s":[{"c":true,"i":[[11.5,23],[-14.041,-8.935],[-8.615,-27.171],[26.267,25.731]],"o":[[-29.218,-58.436],[22,14],[19.5,61.5],[-24.5,-24]],"v":[[26,21.5],[-16.5,37],[-9.5,119],[20,121.5]]}],"t":100},{"o":{"x":0.167,"y":0.167},"i":{"x":0.833,"y":0.833},"s":[{"c":true,"i":[[-9,11.5],[-14.886,-7.443],[1.742,-28.451],[10,29.5]],"o":[[36.065,-46.082],[8,4],[-3,49],[-10.785,-31.815]],"v":[[11.5,59],[-35.5,74.5],[-22.5,158.5],[3,159.5]]}],"t":115},{"o":{"x":0.167,"y":0.167},"i":{"x":0.833,"y":0.833},"s":[{"c":true,"i":[[-9,11.5],[-14.886,-7.443],[11.609,-26.033],[4.484,30.825]],"o":[[36.065,-46.082],[8,4],[-16.5,37],[-4,-27.5]],"v":[[22.5,62.5],[-27.5,73.5],[-18,165],[10,164]]}],"t":122},{"o":{"x":0.167,"y":0.167},"i":{"x":0.833,"y":0.833},"s":[{"c":true,"i":[[-5,20],[-14.886,-7.443],[4.075,-28.211],[16,35.5]],"o":[[14.193,-56.77],[8,4],[-6.5,45],[-11.418,-25.335]],"v":[[18.5,39.5],[-29,55],[-15.5,149],[11.5,144.5]]}],"t":137},{"o":{"x":0.167,"y":0.167},"i":{"x":0.833,"y":0.833},"s":[{"c":true,"i":[[-5,20],[-14.709,-7.787],[2.181,-5.873],[16,35.5]],"o":[[14.193,-56.77],[17,9],[-13,35],[-11.418,-25.335]],"v":[[9,69],[-42.5,74],[-16,171.5],[7.5,162.5]]}],"t":148},{"o":{"x":0.167,"y":0.167},"i":{"x":0.833,"y":0.833},"s":[{"c":true,"i":[[-15,13],[-12.082,-11.446],[8,-13],[2.368,35.52]],"o":[[44.221,-38.325],[19,18],[-20.944,34.034],[-0.5,-7.5]],"v":[[36.5,58.5],[-22.5,66.5],[-11,168.5],[15,166.5]]}],"t":160},{"o":{"x":0.167,"y":0.167},"i":{"x":0.833,"y":0.833},"s":[{"c":true,"i":[[-8,21],[-13.723,-9.417],[0.5,-14],[11.534,29.987]],"o":[[20.832,-54.683],[25.5,17.5],[-1.091,30.546],[-7.5,-19.5]],"v":[[24.5,37],[-29,54.5],[-9.5,169],[17.5,154.5]]}],"t":167},{"o":{"x":0.167,"y":0.167},"i":{"x":0.833,"y":0.833},"s":[{"c":true,"i":[[-8,21],[-13.723,-9.417],[3.731,-13.503],[11.534,29.987]],"o":[[20.832,-54.683],[25.5,17.5],[-10.5,38],[-7.5,-19.5]],"v":[[13.5,51.5],[-40,70.5],[-11,174.5],[14,164]]}],"t":173},{"s":[{"c":true,"i":[[-11.369,13.304],[-14,-9],[11.926,-16.432],[2,33.5]],"o":[[23.5,-27.5],[14,9],[-22.5,31],[-0.672,-11.26]],"v":[[23.5,58],[-29.5,70.5],[-12,171],[17,167]]}],"t":179}],"ix":2}},{"ty":"fl","bm":0,"hd":false,"mn":"ADBE Vector Graphic - Fill","nm":"Fill 1","c":{"a":0,"k":[1,0.9804,0.8824],"ix":4},"r":1,"o":{"a":0,"k":100,"ix":5}},{"ty":"tr","a":{"a":0,"k":[0,0],"ix":1},"s":{"a":0,"k":[100,100],"ix":3},"sk":{"a":0,"k":0,"ix":4},"p":{"a":0,"k":[0,0],"ix":2},"r":{"a":0,"k":0,"ix":6},"sa":{"a":0,"k":0,"ix":5},"o":{"a":0,"k":100,"ix":7}}]}],"ind":2},{"ty":4,"nm":"Body","sr":1,"st":0,"op":180,"ip":0,"hd":false,"ddd":0,"bm":0,"hasMask":false,"ao":0,"ks":{"a":{"a":0,"k":[0,0,0],"ix":1},"s":{"a":0,"k":[100,100,100],"ix":6},"sk":{"a":0,"k":0},"p":{"a":0,"k":[256,256,0],"ix":2},"r":{"a":0,"k":0,"ix":10},"sa":{"a":0,"k":0},"o":{"a":0,"k":100,"ix":11}},"ef":[],"shapes":[{"ty":"gr","bm":0,"hd":false,"mn":"ADBE Vector Group","nm":"Body","ix":1,"cix":2,"np":3,"it":[{"ty":"sh","bm":0,"hd":false,"mn":"ADBE Vector Shape - Group","nm":"Path 1","ix":1,"d":1,"ks":{"a":1,"k":[{"o":{"x":0.167,"y":0.167},"i":{"x":0.833,"y":0.833},"s":[{"c":true,"i":[[32.5,10.5],[33.957,12.316],[26.5,-14],[-51.5,-28],[-1.471,-5.392],[-77,-28.5],[-9,-15],[1.723,6.167],[-5.5,35.5],[12,12]],"o":[[-4.065,-1.313],[-11.156,-4.046],[-16.02,8.463],[47.413,25.778],[1.5,5.5],[5.876,2.175],[8.399,13.998],[-9.5,-34],[5.759,-37.176],[-27.372,-27.372]],"v":[[5,-64],[-39.344,-93.454],[-100,-11],[-70.5,74],[48,89],[58,155.5],[26.5,174],[94,154],[112,73],[92,-7.5]]}],"t":0},{"o":{"x":0.167,"y":0.167},"i":{"x":0.833,"y":0.833},"s":[{"c":true,"i":[[37.237,12.657],[21.406,4.546],[1.5,-19.5],[-31.5,-19],[0.025,-5.13],[-65,-46.5],[-12.404,-16.251],[2.509,5.829],[-16.639,44.205],[27.552,27.552]],"o":[[-6.283,-2.157],[-21.406,-4.546],[-1.5,19.5],[54.5,26.5],[-0.5,6.75],[5.46,4.59],[11.199,14.749],[-12.25,-29.5],[8.13,-28.588],[-26.686,-26.686]],"v":[[9.5,-73.5],[-47.094,-106.954],[-99,-10],[-67.5,71.5],[67,82.75],[59.5,154],[26,174.5],[92.5,153.5],[120.5,71.25],[95.5,-27.25]]}],"t":7},{"o":{"x":0.167,"y":0.167},"i":{"x":0.833,"y":0.833},"s":[{"c":true,"i":[[41.974,14.814],[6.344,5.954],[-11,-51],[-43.871,-18.01],[1.521,-4.867],[-54,-75],[-15.809,-17.502],[3.294,5.491],[-27.778,52.911],[43.105,43.104]],"o":[[-8.5,-3],[-28.822,-27.05],[10.234,47.45],[47.5,19.5],[-2.5,8],[5.044,7.005],[14,15.5],[-15,-25],[10.5,-20],[-26,-26]],"v":[[8,-90],[-17.844,-113.454],[-117,-62],[-64.5,69],[77,50.5],[61,152.5],[25.5,175],[91,153],[129,69.5],[99,-47]]}],"t":14},{"o":{"x":0.167,"y":0.167},"i":{"x":0.833,"y":0.833},"s":[{"c":true,"i":[[40.979,16.522],[8.139,5.684],[-10.714,-51.058],[-63.167,-39.111],[-7.667,-7.444],[-50.5,-75.5],[-9,-15.389],[3.459,5.706],[-27.611,47.055],[37.333,39.667]],"o":[[-10.032,-4.386],[-30.762,-23.781],[9.96,47.461],[65.169,40.351],[7.667,7.444],[12.348,18.461],[10.303,17.616],[-15.556,-25.667],[12.93,-22.036],[-37.333,-39.667]],"v":[[9.889,-90.333],[-20.51,-111.898],[-117,-62],[-76.333,58.611],[67.833,45.056],[58,142.5],[25.5,174.889],[89.333,148.833],[124.611,62.945],[99.333,-43.833]]}],"t":18},{"o":{"x":0.167,"y":0.167},"i":{"x":0.833,"y":0.833},"s":[{"c":true,"i":[[37.5,22.5],[14.423,4.739],[-9.171,-51.36],[-57,-29.5],[4.992,-1.04],[-70.5,-20],[-16.359,-16.989],[4.036,6.458],[-13,31.5],[36,28]],"o":[[-15.393,-9.236],[-37.552,-12.339],[2.5,14],[51.242,26.52],[-12,2.5],[8.304,2.356],[13,13.5],[-17.5,-28],[3.507,-8.497],[-29.708,-23.107]],"v":[[7.5,-69],[-29.844,-106.454],[-108,-39.5],[-70.5,74],[42.5,84.5],[61,152.5],[25.5,174.5],[92.5,154.5],[111.5,76],[87,-17]]}],"t":32},{"o":{"x":0.167,"y":0.167},"i":{"x":0.833,"y":0.833},"s":[{"c":true,"i":[[32,13],[15.344,13.954],[2.586,-49.138],[-54.5,-25],[-2.5,-5],[-33,-59.5],[-14.453,-9.334],[4.243,5.657],[-20,30],[46.584,53.239]],"o":[[-8.351,-3.393],[-29.243,-26.594],[-1.5,28.5],[79.722,36.57],[5.482,10.964],[4.186,7.548],[24,15.5],[-13.5,-18],[5.099,-7.649],[-35,-40]],"v":[[1,-97],[-25.344,-118.454],[-118,-73.5],[-88.5,48.5],[52.5,45],[59.5,149.5],[25.5,175],[87.5,144],[119,62],[94,-48]]}],"t":43},{"o":{"x":0.167,"y":0.167},"i":{"x":0.833,"y":0.833},"s":[{"c":true,"i":[[33.5,19],[40.844,5.954],[2.378,-49.149],[-33.5,-17.5],[-2.5,-5],[-80,-29.5],[-15.5,-11],[4.5,10],[0,56],[27.5,24.5]],"o":[[-7.841,-4.447],[-39.114,-5.702],[-1.5,31],[77.741,40.611],[5.482,10.963],[8.099,2.986],[17.452,12.386],[-18,-40],[0,-32.596],[-26.765,-23.845]],"v":[[-8,-72.5],[-65.844,-105.454],[-109,-24.5],[-70.5,75.5],[48,96],[56.5,154.5],[30.5,171.5],[94,149.5],[114.5,71],[72.5,-24]]}],"t":59},{"o":{"x":0.167,"y":0.167},"i":{"x":0.833,"y":0.833},"s":[{"c":true,"i":[[33.207,11.069],[40.844,29.454],[3.22,-49.101],[-33.5,-17.5],[-2.5,-5],[-48.5,-68.5],[-18.536,-14.175],[1.951,6.098],[-13.5,42.5],[30,59]],"o":[[-36,-12],[-32.06,-23.12],[-6,91.5],[77.741,40.611],[5.482,10.963],[8.924,12.604],[17,13],[-12,-37.5],[7.977,-25.113],[-13.999,-27.532]],"v":[[38,-84.5],[-16.844,-129.954],[-105.5,-75.5],[-65.5,56.5],[67.5,57],[62,146],[30.5,171.5],[92,155],[130.5,63],[113,-32.5]]}],"t":76},{"o":{"x":0.167,"y":0.167},"i":{"x":0.833,"y":0.833},"s":[{"c":true,"i":[[20.089,1.296],[40.844,29.454],[-2.862,-49.123],[-33.5,-17.5],[-2.5,-5],[-65,-17.5],[-19,-21],[1.951,6.098],[-2.5,27.5],[38,34.5]],"o":[[-15.5,-1],[-32.06,-23.12],[3,51.5],[77.741,40.611],[5.482,10.963],[24.718,6.655],[14.358,15.869],[-12,-37.5],[2.385,-26.241],[-22.868,-20.762]],"v":[[24,-60],[-41.344,-126.454],[-108.5,-59.5],[-74,73],[53.5,91.5],[55,154.5],[24,174.5],[92,155],[118.5,83],[89,-18]]}],"t":87},{"o":{"x":0.167,"y":0.167},"i":{"x":0.833,"y":0.833},"s":[{"c":true,"i":[[20.089,1.296],[40.844,29.454],[23.329,-43.325],[-54.5,-24],[-3.509,-4.351],[-43,-55.5],[-13,-13.5],[3.309,5.481],[-7.5,52],[38,34.5]],"o":[[-15.5,-1],[-32.06,-23.12],[-7,13],[80.271,35.349],[12.5,15.5],[15.678,20.235],[14.845,15.415],[-16,-26.5],[4.091,-28.364],[-22.868,-20.762]],"v":[[30.5,-87.5],[-38.844,-128.954],[-109.5,-56],[-83,51.5],[58.5,42],[57,139.5],[24,174.5],[92.5,144.5],[136.5,47],[95,-43.5]]}],"t":98},{"o":{"x":0.167,"y":0.167},"i":{"x":0.833,"y":0.833},"s":[{"c":true,"i":[[20.089,1.296],[40.844,29.454],[22.761,-43.626],[-52.5,-18.5],[-3.509,-4.351],[-43,-55.5],[-13,-13.5],[3.309,5.481],[-7.5,52],[38,34.5]],"o":[[-15.5,-1],[-32.06,-23.12],[-6,11.5],[82.724,29.15],[12.5,15.5],[15.678,20.235],[14.845,15.415],[-16,-26.5],[4.091,-28.364],[-22.868,-20.762]],"v":[[30.5,-87.5],[-38.844,-128.954],[-111,-73.5],[-83,51.5],[58.5,42],[57,139.5],[24,174.5],[92.5,144.5],[136.5,47],[95,-43.5]]}],"t":100},{"o":{"x":0.167,"y":0.167},"i":{"x":0.833,"y":0.833},"s":[{"c":true,"i":[[14.5,3.5],[40.844,29.454],[-14.139,-47.131],[-74,-25],[-3.509,-4.351],[-65.261,-26.104],[-12.5,-13],[3.052,5.629],[-4.151,39.437],[38,34.5]],"o":[[-15.099,-3.645],[-32.06,-23.12],[3,10],[87.268,29.483],[12.5,15.5],[20,8],[13.045,13.567],[-22.5,-41.5],[3,-28.5],[-22.868,-20.762]],"v":[[-3,-71.5],[-52.344,-115.954],[-121,-69.5],[-76.5,70.5],[35.5,72.5],[56.5,146.5],[24,174.5],[95,150.5],[123,58.5],[83,-21.5]]}],"t":115},{"o":{"x":0.167,"y":0.167},"i":{"x":0.833,"y":0.833},"s":[{"c":true,"i":[[14.5,3.5],[40.844,29.454],[-8.738,-48.424],[-23.018,-17.647],[-2.876,-4.793],[-74,-20],[-10.5,-18.5],[3.327,5.471],[-4.151,39.437],[38,34.5]],"o":[[-15.099,-3.645],[-32.06,-23.12],[12,66.5],[45,34.5],[1.5,2.5],[20.795,5.62],[8.058,14.197],[-22.5,-37],[3,-28.5],[-22.868,-20.762]],"v":[[4.5,-65.5],[-52.344,-115.954],[-115,-56],[-76.5,70.5],[52,91.5],[57,148],[26.5,174],[99,153.5],[116,82],[80,-17]]}],"t":122},{"o":{"x":0.167,"y":0.167},"i":{"x":0.833,"y":0.833},"s":[{"c":true,"i":[[21,9.5],[40.844,29.454],[0.946,-49.197],[-60,-30],[-3.101,-4.651],[-45.741,-61.512],[-9,-15],[3.327,5.471],[-11.5,32],[38.39,34.065]],"o":[[-14.151,-6.402],[-32.06,-23.12],[-0.5,26],[81.28,40.64],[7,10.5],[14.5,19.5],[8.399,13.998],[-22.5,-37],[9.692,-26.969],[-35.5,-31.5]],"v":[[2,-98],[-51.344,-131.954],[-119,-75],[-81,53.5],[62,40.5],[61.5,138],[26.5,174],[96,141.5],[136,50.5],[95,-60]]}],"t":137},{"o":{"x":0.167,"y":0.167},"i":{"x":0.833,"y":0.833},"s":[{"c":true,"i":[[21.582,8.092],[50.844,24.454],[-14.047,-47.159],[-47,-18],[3.037,-4.693],[-91.5,-10],[-9,-15],[2.683,5.813],[-1.5,37.5],[38.39,34.065]],"o":[[-4,-1.5],[-35.621,-17.132],[21,70.5],[78.369,30.014],[-5.5,8.5],[6.228,0.681],[8.399,13.998],[-15,-32.5],[1.145,-28.635],[-35.5,-31.5]],"v":[[-2.5,-65],[-67.844,-112.454],[-134.5,-54.5],[-72,78],[43,90.5],[63.5,153.5],[26.5,174],[94,154],[109.5,75.5],[75,-17]]}],"t":148},{"o":{"x":0.167,"y":0.167},"i":{"x":0.833,"y":0.833},"s":[{"c":true,"i":[[44.5,-0.5],[41.844,-11.046],[-10.674,-48.035],[-28,-12],[-0.398,-5.575],[-53.5,-60.5],[-9,-15],[2.683,5.813],[-2.911,36.387],[24.123,33.772]],"o":[[-4.272,0.048],[-38.218,10.089],[13,58.5],[49.604,21.259],[0.5,7],[4.15,4.693],[8.399,13.998],[-15,-32.5],[3,-37.5],[-22.5,-31.5]],"v":[[-6,-80.5],[-85.344,-100.954],[-104,-36],[-59.5,72.5],[71.5,72],[61,150.5],[26.5,174],[94,154],[133.5,69.5],[112,-23.5]]}],"t":160},{"o":{"x":0.167,"y":0.167},"i":{"x":0.833,"y":0.833},"s":[{"c":true,"i":[[37,6.5],[32.344,21.954],[15.905,-50.52],[-37.5,-19.5],[-1.213,-5.456],[-37,-76.5],[-9,-15],[2.938,5.689],[-13,56.5],[27,31.5]],"o":[[-4.208,-0.739],[-32.705,-22.199],[-8.5,27],[47.881,24.898],[3,13.5],[2.728,5.64],[8.399,13.998],[-23.5,-45.5],[8.435,-36.662],[-25.193,-29.391]],"v":[[7,-92.5],[-49.344,-130.454],[-113,-60],[-65,63],[74,50],[62.5,149],[26.5,174],[94,154],[134,56.5],[111,-47]]}],"t":167},{"o":{"x":0.167,"y":0.167},"i":{"x":0.833,"y":0.833},"s":[{"c":true,"i":[[40,12],[32.344,21.954],[-11.284,-51.749],[-37.5,-19.5],[-1.471,-5.393],[-63.5,-46.5],[-9,-15],[1.723,6.167],[-5.5,35.5],[27,31.5]],"o":[[-4.092,-1.228],[-32.705,-22.199],[14.5,66.5],[47.881,24.898],[1.5,5.5],[5.055,3.702],[8.399,13.998],[-9.5,-34],[5.759,-37.177],[-25.192,-29.391]],"v":[[3.5,-79.5],[-49.344,-130.454],[-126.5,-74],[-68.5,73.5],[51,79.5],[62.5,149],[26.5,174],[94,154],[126.5,64],[103,-24.5]]}],"t":173},{"s":[{"c":true,"i":[[32.5,10.5],[33.957,12.316],[26.5,-14],[-51.5,-28],[-1.471,-5.392],[-77,-28.5],[-9,-15],[1.723,6.167],[-5.5,35.5],[12,12]],"o":[[-4.065,-1.313],[-11.156,-4.046],[-16.02,8.463],[47.413,25.778],[1.5,5.5],[5.876,2.175],[8.399,13.998],[-9.5,-34],[5.759,-37.176],[-27.372,-27.372]],"v":[[5,-64],[-39.344,-93.454],[-100,-11],[-70.5,74],[48,89],[58,155.5],[26.5,174],[94,154],[112,73],[92,-7.5]]}],"t":179}],"ix":2}},{"ty":"fl","bm":0,"hd":false,"mn":"ADBE Vector Graphic - Fill","nm":"Fill 1","c":{"a":0,"k":[1,0.9804,0.8824],"ix":4},"r":1,"o":{"a":0,"k":100,"ix":5}},{"ty":"tr","a":{"a":0,"k":[0,0],"ix":1},"s":{"a":0,"k":[100,100],"ix":3},"sk":{"a":0,"k":0,"ix":4},"p":{"a":0,"k":[0,0],"ix":2},"r":{"a":0,"k":0,"ix":6},"sa":{"a":0,"k":0,"ix":5},"o":{"a":0,"k":100,"ix":7}}]}],"ind":3},{"ty":4,"nm":"Paw 2","sr":1,"st":0,"op":180,"ip":0,"hd":false,"ddd":0,"bm":0,"hasMask":false,"ao":0,"ks":{"a":{"a":0,"k":[0,0,0],"ix":1},"s":{"a":0,"k":[100,100,100],"ix":6},"sk":{"a":0,"k":0},"p":{"a":0,"k":[256,256,0],"ix":2},"r":{"a":0,"k":0,"ix":10},"sa":{"a":0,"k":0},"o":{"a":0,"k":100,"ix":11}},"ef":[],"shapes":[{"ty":"gr","bm":0,"hd":false,"mn":"ADBE Vector Group","nm":"Shape 2","ix":1,"cix":2,"np":3,"it":[{"ty":"sh","bm":0,"hd":false,"mn":"ADBE Vector Shape - Group","nm":"Path 1","ix":1,"d":1,"ks":{"a":0,"k":{"c":false,"i":[[0,0]],"o":[[0,0]],"v":[[-38.5,70]]},"ix":2}},{"ty":"fl","bm":0,"hd":false,"mn":"ADBE Vector Graphic - Fill","nm":"Fill 1","c":{"a":0,"k":[1,0.9804,0.8824],"ix":4},"r":1,"o":{"a":0,"k":100,"ix":5}},{"ty":"tr","a":{"a":0,"k":[0,0],"ix":1},"s":{"a":0,"k":[100,100],"ix":3},"sk":{"a":0,"k":0,"ix":4},"p":{"a":0,"k":[0,0],"ix":2},"r":{"a":0,"k":0,"ix":6},"sa":{"a":0,"k":0,"ix":5},"o":{"a":0,"k":100,"ix":7}}]},{"ty":"gr","bm":0,"hd":false,"mn":"ADBE Vector Group","nm":"Shape 1","ix":2,"cix":2,"np":3,"it":[{"ty":"sh","bm":0,"hd":false,"mn":"ADBE Vector Shape - Group","nm":"Path 1","ix":1,"d":1,"ks":{"a":1,"k":[{"o":{"x":0.167,"y":0.167},"i":{"x":0.833,"y":0.833},"s":[{"c":true,"i":[[-2.575,-14.164],[12.867,-6.76],[-13,33.5],[0,0]],"o":[[3,16.5],[-29.5,15.5],[6.395,-16.48],[0,0]],"v":[[-101,30.5],[-94.5,141],[-76.5,151],[-62,57]]}],"t":0},{"o":{"x":0.167,"y":0.167},"i":{"x":0.833,"y":0.833},"s":[{"c":true,"i":[[-2.575,-14.164],[26.5,-21.5],[-5,14],[2,8.5]],"o":[[3,16.5],[-25.878,20.996],[5.946,-16.648],[-2,-8.5]],"v":[[-87.5,37.5],[-97.5,146],[-77,153],[-51,62]]}],"t":7},{"o":{"x":0.167,"y":0.167},"i":{"x":0.833,"y":0.833},"s":[{"c":true,"i":[[-2.575,-14.164],[26.5,-21.5],[-5.5,20],[2,8.5]],"o":[[3,16.5],[-25.878,20.996],[5.278,-19.194],[-2,-8.5]],"v":[[-97.5,18.5],[-97.5,146],[-70.5,146.5],[-56.5,57.5]]}],"t":14},{"o":{"x":0.167,"y":0.167},"i":{"x":0.833,"y":0.833},"s":[{"c":true,"i":[[8.06,-11.928],[28.5,-27],[-3,25],[13,26]],"o":[[-12.5,18.5],[-17.461,16.542],[2.372,-19.764],[-3.905,-7.81]],"v":[[-110.5,11.5],[-102.5,148],[-74,144.5],[-78.5,48]]}],"t":18},{"o":{"x":0.167,"y":0.167},"i":{"x":0.833,"y":0.833},"s":[{"c":true,"i":[[7.586,-12.235],[38,-26],[-3,25],[13,26]],"o":[[-15.5,25],[-19.85,13.582],[2.372,-19.764],[-3.905,-7.81]],"v":[[-110.5,11.5],[-102,148.5],[-74,144.5],[-78.5,48]]}],"t":25},{"o":{"x":0.167,"y":0.167},"i":{"x":0.833,"y":0.833},"s":[{"c":true,"i":[[7.586,-12.235],[38,-26],[-3,25],[13,26]],"o":[[-15.5,25],[-19.85,13.582],[2.372,-19.764],[-3.905,-7.81]],"v":[[-98,22.5],[-102,148.5],[-74,144.5],[-68,59.5]]}],"t":33},{"o":{"x":0.167,"y":0.167},"i":{"x":0.833,"y":0.833},"s":[{"c":true,"i":[[7.586,-12.235],[27.5,-28.5],[-3,25],[13,26]],"o":[[-15.5,25],[-16.701,17.308],[2.372,-19.764],[-3.905,-7.81]],"v":[[-109.5,18],[-102,148.5],[-75,143],[-79.5,41]]}],"t":43},{"o":{"x":0.167,"y":0.167},"i":{"x":0.833,"y":0.833},"s":[{"c":true,"i":[[7.586,-12.235],[40.5,-35],[-3.5,27],[16.5,34]],"o":[[-15.5,25],[-18.198,15.727],[2.99,-23.066],[-3.812,-7.856]],"v":[[-109.5,18],[-102,148.5],[-73.5,144],[-79.5,41]]}],"t":51},{"o":{"x":0.167,"y":0.167},"i":{"x":0.833,"y":0.833},"s":[{"c":true,"i":[[5,-13.5],[41,-21.5],[-9.247,25.607],[8,31.5]],"o":[[-10,27],[-21.301,11.17],[6.5,-18],[-2.149,-8.464]],"v":[[-86.5,47.5],[-101.5,149.5],[-70.5,147],[-66.5,58]]}],"t":60},{"o":{"x":0.167,"y":0.167},"i":{"x":0.833,"y":0.833},"s":[{"c":true,"i":[[3.343,-13.945],[36,-22.5],[-5.581,15.814],[6.529,36.088]],"o":[[3.618,20.706],[-20.815,13.009],[3,-8.5],[-1.555,-8.593]],"v":[[-88.618,28.794],[-99,147.5],[-70.5,147],[-52.029,59.912]]}],"t":71},{"o":{"x":0.167,"y":0.167},"i":{"x":0.833,"y":0.833},"s":[{"c":true,"i":[[2.439,-14.188],[30.5,-28],[-4.5,18.5],[8,31.5]],"o":[[-5.5,32],[-17.718,16.266],[4.523,-18.595],[-2.149,-8.464]],"v":[[-97.5,15.5],[-101.5,149.5],[-70.5,147],[-65,45.5]]}],"t":77},{"o":{"x":0.167,"y":0.167},"i":{"x":0.833,"y":0.833},"s":[{"c":true,"i":[[2.439,-14.188],[34.5,-17],[-3.366,19.524],[8,31.5]],"o":[[-5.5,32],[-25.874,12.749],[2.5,-14.5],[-2.149,-8.464]],"v":[[-87.5,33],[-102,147.5],[-70.5,147],[-62,60.5]]}],"t":86},{"o":{"x":0.167,"y":0.167},"i":{"x":0.833,"y":0.833},"s":[{"c":true,"i":[[10.834,-9.48],[25.5,-29],[3.5,33.5],[8,53.5]],"o":[[-20,17.5],[-19.047,21.661],[-1.529,-14.635],[-1.291,-8.636]],"v":[[-115,-0.5],[-104.5,146],[-79,137.5],[-79.5,43.5]]}],"t":101},{"o":{"x":0.167,"y":0.167},"i":{"x":0.833,"y":0.833},"s":[{"c":true,"i":[[-2.467,-14.183],[28,-24.5],[-2.5,18],[-13,20]],"o":[[4,23],[-21.708,18.994],[2.024,-14.574],[4.759,-7.322]],"v":[[-85,48.5],[-99.5,147.5],[-72,146.5],[-49,78]]}],"t":123},{"o":{"x":0.167,"y":0.167},"i":{"x":0.833,"y":0.833},"s":[{"c":true,"i":[[-2.467,-14.183],[28,-24.5],[-2.5,18],[0.5,25.5]],"o":[[4,23],[-21.708,18.994],[2.024,-14.574],[-0.171,-8.731]],"v":[[-109,16.5],[-99.5,147.5],[-72,146.5],[-62.5,52]]}],"t":135},{"o":{"x":0.167,"y":0.167},"i":{"x":0.833,"y":0.833},"s":[{"c":true,"i":[[11.274,-8.953],[39.5,-33.5],[-2.5,18],[0.5,25.5]],"o":[[-17,13.5],[-21.998,18.657],[2.024,-14.574],[-0.171,-8.731]],"v":[[-114,13.5],[-99.5,147.5],[-72,146.5],[-70,57]]}],"t":146},{"o":{"x":0.167,"y":0.167},"i":{"x":0.833,"y":0.833},"s":[{"c":true,"i":[[11.274,-8.953],[39.5,-33.5],[-2.5,18],[0.5,25.5]],"o":[[-17,13.5],[-21.998,18.657],[2.024,-14.574],[-0.171,-8.731]],"v":[[-85,43.5],[-99.5,147.5],[-72,146.5],[-56.5,74]]}],"t":154},{"o":{"x":0.167,"y":0.167},"i":{"x":0.833,"y":0.833},"s":[{"c":true,"i":[[11.274,-8.953],[39.2,-27.67],[-3.942,17.74],[0.5,14.5]],"o":[[-17,13.5],[-17,12],[4,-18],[-0.301,-8.727]],"v":[[-75.5,45.5],[-99.5,147.5],[-72,146.5],[-46.5,64.5]]}],"t":160},{"o":{"x":0.167,"y":0.167},"i":{"x":0.833,"y":0.833},"s":[{"c":true,"i":[[11.274,-8.953],[39.2,-27.67],[-3.942,17.74],[0.5,14.5]],"o":[[-17,13.5],[-17,12],[4,-18],[-0.301,-8.727]],"v":[[-98,14],[-99.5,147.5],[-72,146.5],[-59,58.5]]}],"t":169},{"s":[{"c":true,"i":[[-2.575,-14.164],[12.867,-6.76],[-13,33.5],[0,0]],"o":[[3,16.5],[-29.5,15.5],[6.395,-16.48],[0,0]],"v":[[-101,30.5],[-94.5,141],[-76.5,151],[-62,57]]}],"t":179}],"ix":2}},{"ty":"fl","bm":0,"hd":false,"mn":"ADBE Vector Graphic - Fill","nm":"Fill 1","c":{"a":0,"k":[1,0.9804,0.8824],"ix":4},"r":1,"o":{"a":0,"k":100,"ix":5}},{"ty":"tr","a":{"a":0,"k":[0,0],"ix":1},"s":{"a":0,"k":[100,100],"ix":3},"sk":{"a":0,"k":0,"ix":4},"p":{"a":0,"k":[0,0],"ix":2},"r":{"a":0,"k":0,"ix":6},"sa":{"a":0,"k":0,"ix":5},"o":{"a":0,"k":100,"ix":7}}]}],"ind":4},{"ty":4,"nm":"Paw 3","sr":1,"st":0,"op":180,"ip":0,"hd":false,"ddd":0,"bm":0,"hasMask":false,"ao":0,"ks":{"a":{"a":0,"k":[0,0,0],"ix":1},"s":{"a":0,"k":[100,100,100],"ix":6},"sk":{"a":0,"k":0},"p":{"a":0,"k":[256,256,0],"ix":2},"r":{"a":0,"k":0,"ix":10},"sa":{"a":0,"k":0},"o":{"a":0,"k":100,"ix":11}},"ef":[],"shapes":[{"ty":"gr","bm":0,"hd":false,"mn":"ADBE Vector Group","nm":"Shape 1","ix":1,"cix":2,"np":3,"it":[{"ty":"sh","bm":0,"hd":false,"mn":"ADBE Vector Shape - Group","nm":"Path 1","ix":1,"d":1,"ks":{"a":1,"k":[{"o":{"x":0.167,"y":0.167},"i":{"x":0.833,"y":0.833},"s":[{"c":true,"i":[[5.996,-15.536],[0,0],[-0.5,-14.75],[-9.5,2.75]],"o":[[-16.5,42.75],[0,0],[0.5,14.75],[29.75,-120]],"v":[[-34.25,81],[0.5,125.75],[-34,138.25],[52.25,126.5]]}],"t":0},{"o":{"x":0.167,"y":0.167},"i":{"x":0.833,"y":0.833},"s":[{"c":true,"i":[[5.996,-15.536],[3.5,-1.5],[-2.811,-14.488],[-9.5,2.75]],"o":[[-16.5,42.75],[-3.5,1.5],[3.25,16.75],[86.5,-119.25]],"v":[[-26.75,79],[2,126.25],[-32.25,139.5],[52.25,126.5]]}],"t":7},{"o":{"x":0.167,"y":0.167},"i":{"x":0.833,"y":0.833},"s":[{"c":true,"i":[[5.996,-15.536],[-1.75,-10.5],[-1.359,-5.353],[-9.5,2.75]],"o":[[-16.5,42.75],[0.626,3.756],[4,15.75],[81,-158.5]],"v":[[-15.5,53],[8,121.75],[-32.25,139.5],[52.25,126.5]]}],"t":18},{"o":{"x":0.167,"y":0.167},"i":{"x":0.833,"y":0.833},"s":[{"c":true,"i":[[6.69,-15.25],[-1.75,-10.5],[-1.359,-5.353],[-9.5,2.75]],"o":[[-17,38.75],[0.626,3.756],[4,15.75],[72.75,-144.5]],"v":[[-31.5,83.25],[-1.25,125.75],[-32.25,139.5],[52.25,126.5]]}],"t":32},{"o":{"x":0.167,"y":0.167},"i":{"x":0.833,"y":0.833},"s":[{"c":true,"i":[[6.69,-15.25],[-1.75,-10.5],[-1.359,-5.353],[-9.5,2.75]],"o":[[-17,38.75],[0.626,3.756],[4,15.75],[72.75,-144.5]],"v":[[-17,61.75],[7.5,123],[-32.25,139.5],[52.25,126.5]]}],"t":45},{"o":{"x":0.167,"y":0.167},"i":{"x":0.833,"y":0.833},"s":[{"c":true,"i":[[5.498,-15.719],[-1.75,-10.5],[-2.25,-18.5],[-9.5,2.75]],"o":[[-17.75,50.75],[0.626,3.756],[1.962,16.131],[72.75,-144.5]],"v":[[-34.75,82.75],[3.75,128.25],[-32.25,139.5],[52.25,126.5]]}],"t":59},{"o":{"x":0.167,"y":0.167},"i":{"x":0.833,"y":0.833},"s":[{"c":true,"i":[[4.441,-16.05],[-1.75,-10.5],[-2.25,-18.5],[-9.5,2.75]],"o":[[-11,39.75],[0.626,3.756],[1.962,16.131],[72.75,-144.5]],"v":[[-23.75,79.25],[3.75,128.25],[-32.25,139.5],[52.25,126.5]]}],"t":67},{"o":{"x":0.167,"y":0.167},"i":{"x":0.833,"y":0.833},"s":[{"c":true,"i":[[4.441,-16.05],[-1.75,-10.5],[-2.25,-18.5],[-9.5,2.75]],"o":[[-11,39.75],[0.626,3.756],[1.962,16.131],[72.75,-144.5]],"v":[[-17,67.25],[7,119.5],[-32.25,139.5],[43.5,123]]}],"t":79},{"o":{"x":0.167,"y":0.167},"i":{"x":0.833,"y":0.833},"s":[{"c":true,"i":[[4.441,-16.05],[-1.75,-10.5],[-2.25,-18.5],[-9.5,2.75]],"o":[[-11,39.75],[0.626,3.756],[1.962,16.131],[72.75,-144.5]],"v":[[-17,67.25],[7,119.5],[-32.25,139.5],[43.5,123]]}],"t":89},{"o":{"x":0.167,"y":0.167},"i":{"x":0.833,"y":0.833},"s":[{"c":true,"i":[[4.441,-16.05],[-1.75,-10.5],[-2.25,-18.5],[-9.5,2.75]],"o":[[-11,39.75],[0.626,3.756],[1.962,16.131],[72.75,-144.5]],"v":[[-15.75,71.75],[8.25,124],[-31,144],[44.75,127.5]]}],"t":97},{"o":{"x":0.167,"y":0.167},"i":{"x":0.833,"y":0.833},"s":[{"c":true,"i":[[4.441,-16.05],[-1.75,-10.5],[-2.25,-18.5],[-9.5,2.75]],"o":[[-11,39.75],[0.626,3.756],[1.962,16.131],[72.75,-144.5]],"v":[[-14.25,54],[8.25,124],[-31,144],[44.75,127.5]]}],"t":105},{"o":{"x":0.167,"y":0.167},"i":{"x":0.833,"y":0.833},"s":[{"c":true,"i":[[4.441,-16.05],[-1.75,-10.5],[-2.25,-18.5],[-9.5,2.75]],"o":[[-11,39.75],[0.626,3.756],[1.962,16.131],[72.75,-144.5]],"v":[[-27.25,75.75],[8.25,124],[-30,139.25],[44.75,127.5]]}],"t":114},{"o":{"x":0.167,"y":0.167},"i":{"x":0.833,"y":0.833},"s":[{"c":true,"i":[[4.441,-16.05],[-1.75,-10.5],[-2.25,-18.5],[-9.5,2.75]],"o":[[-11,39.75],[0.626,3.756],[1.962,16.131],[72.75,-144.5]],"v":[[-23.5,81.5],[8.25,124],[-30,139.25],[44.75,127.5]]}],"t":126},{"o":{"x":0.167,"y":0.167},"i":{"x":0.833,"y":0.833},"s":[{"c":true,"i":[[8.589,-14.267],[-0.25,-24.25],[-2.25,-18.5],[-9.5,2.75]],"o":[[-14.75,24.5],[0.039,3.808],[1.962,16.131],[72.75,-144.5]],"v":[[-10.75,60.5],[13.25,118],[-28.75,142.5],[44.75,127.5]]}],"t":137},{"o":{"x":0.167,"y":0.167},"i":{"x":0.833,"y":0.833},"s":[{"c":true,"i":[[4.785,-15.95],[-2,-8.25],[-2.25,-18.5],[-9.5,2.75]],"o":[[-18,60],[0.897,3.701],[1.962,16.131],[72.75,-144.5]],"v":[[-36,87],[13.25,118],[-28.75,142.5],[44.75,127.5]]}],"t":148},{"o":{"x":0.167,"y":0.167},"i":{"x":0.833,"y":0.833},"s":[{"c":true,"i":[[2.933,-16.392],[-2,-8.25],[-2.25,-18.5],[-9.5,2.75]],"o":[[-8.5,47.5],[0.897,3.701],[1.962,16.131],[107.5,-115.25]],"v":[[-20.5,75.5],[13.25,118],[-28.75,142.5],[57,123.25]]}],"t":159},{"o":{"x":0.167,"y":0.167},"i":{"x":0.833,"y":0.833},"s":[{"c":true,"i":[[2.933,-16.392],[-2,-8.25],[-2.25,-18.5],[-9.5,2.75]],"o":[[-8.5,47.5],[0.897,3.701],[1.962,16.131],[72.75,-144.5]],"v":[[-12.5,62.25],[13.25,118],[-28.75,142.5],[57.25,123]]}],"t":170},{"s":[{"c":true,"i":[[5.996,-15.536],[0,0],[-0.5,-14.75],[-9.5,2.75]],"o":[[-16.5,42.75],[0,0],[0.5,14.75],[29.75,-120]],"v":[[-34.25,81],[0.5,125.75],[-34,138.25],[52.25,126.5]]}],"t":179}],"ix":2}},{"ty":"fl","bm":0,"hd":false,"mn":"ADBE Vector Graphic - Fill","nm":"Fill 1","c":{"a":0,"k":[0.6392,0.6235,0.5373],"ix":4},"r":1,"o":{"a":0,"k":100,"ix":5}},{"ty":"tr","a":{"a":0,"k":[0,0],"ix":1},"s":{"a":0,"k":[100,100],"ix":3},"sk":{"a":0,"k":0,"ix":4},"p":{"a":0,"k":[0,0],"ix":2},"r":{"a":0,"k":0,"ix":6},"sa":{"a":0,"k":0,"ix":5},"o":{"a":0,"k":100,"ix":7}}]}],"ind":5},{"ty":4,"nm":"Tail","sr":1,"st":0,"op":180,"ip":0,"hd":false,"ddd":0,"bm":0,"hasMask":false,"ao":0,"ks":{"a":{"a":0,"k":[0,0,0],"ix":1},"s":{"a":0,"k":[100,100,100],"ix":6},"sk":{"a":0,"k":0},"p":{"a":0,"k":[256,256,0],"ix":2},"r":{"a":0,"k":0,"ix":10},"sa":{"a":0,"k":0},"o":{"a":0,"k":100,"ix":11}},"ef":[],"shapes":[{"ty":"gr","bm":0,"hd":false,"mn":"ADBE Vector Group","nm":"Shape 1","ix":1,"cix":2,"np":3,"it":[{"ty":"sh","bm":0,"hd":false,"mn":"ADBE Vector Shape - Group","nm":"Path 1","ix":1,"d":1,"ks":{"a":1,"k":[{"o":{"x":0.167,"y":0.167},"i":{"x":0.833,"y":0.833},"s":[{"c":true,"i":[[6.75,0.25],[0,0],[-17.5,1.5],[-2,3]],"o":[[-6,4],[0,0],[17.5,-1.5],[-6.75,-2]],"v":[[125.5,74],[103,88],[103,106],[144,77]]}],"t":0},{"o":{"x":0.167,"y":0.167},"i":{"x":0.833,"y":0.833},"s":[{"c":true,"i":[[0,0],[0,0],[-17.5,1.5],[0,0]],"o":[[0,0],[0,0],[17.5,-1.5],[0,0]],"v":[[119.5,71.5],[97.5,83],[97.5,101],[138,74.5]]}],"t":7},{"o":{"x":0.167,"y":0.167},"i":{"x":0.833,"y":0.833},"s":[{"c":true,"i":[[0,0],[0,0],[-14.934,-9.245],[0,0]],"o":[[0,0],[0,0],[42,26],[0,0]],"v":[[141.75,76.25],[121.5,56],[108,87],[164.5,79]]}],"t":18},{"o":{"x":0.167,"y":0.167},"i":{"x":0.833,"y":0.833},"s":[{"c":true,"i":[[0,0],[0,0],[-17.223,-3.445],[0,0]],"o":[[0,0],[0,0],[10,2],[0,0]],"v":[[122.25,69.75],[107.5,69],[107,89.5],[138.75,73.75]]}],"t":32},{"o":{"x":0.167,"y":0.167},"i":{"x":0.833,"y":0.833},"s":[{"c":true,"i":[[0,0],[0,0],[-13.864,-10.783],[0,0]],"o":[[0,0],[0,0],[29.25,22.75],[0,0]],"v":[[132,73.75],[115.5,64.75],[103,84],[148,76.5]]}],"t":45},{"o":{"x":0.167,"y":0.167},"i":{"x":0.833,"y":0.833},"s":[{"c":true,"i":[[0,0],[0,0],[-5,-0.5],[0,0]],"o":[[0,0],[0,0],[13.442,1.344],[0,0]],"v":[[120.25,71.5],[108,83.5],[101,99],[134.25,74.25]]}],"t":58},{"o":{"x":0.167,"y":0.167},"i":{"x":0.833,"y":0.833},"s":[{"c":true,"i":[[0,0],[0,0],[-5,-0.5],[0,0]],"o":[[0,0],[0,0],[13.442,1.344],[0,0]],"v":[[100.5,67.5],[88,66.5],[81,82],[115.5,72]]}],"t":61},{"o":{"x":0.167,"y":0.167},"i":{"x":0.833,"y":0.833},"s":[{"c":true,"i":[[0,0],[0,0],[-4.69,-1.804],[0,0]],"o":[[0,0],[0,0],[26,10],[0,0]],"v":[[123.5,71.25],[110.5,76.5],[102.5,91.5],[138.5,75.75]]}],"t":69},{"o":{"x":0.167,"y":0.167},"i":{"x":0.833,"y":0.833},"s":[{"c":true,"i":[[0,0],[14,6],[-4.617,-1.982],[0,0]],"o":[[0,0],[-9.229,-3.955],[46,19.75],[0,0]],"v":[[150.25,74.25],[118.5,70.5],[110.5,85.5],[168.5,78.25]]}],"t":78},{"o":{"x":0.167,"y":0.167},"i":{"x":0.833,"y":0.833},"s":[{"c":true,"i":[[0,0],[0,0],[-5.02,0.228],[0,0]],"o":[[0,0],[0,0],[22,-1],[0,0]],"v":[[129.25,72.25],[120.5,78],[112.5,93],[147,73.75]]}],"t":88},{"o":{"x":0.167,"y":0.167},"i":{"x":0.833,"y":0.833},"s":[{"c":true,"i":[[0,0],[0,0],[-5.02,0.228],[0,0]],"o":[[0,0],[0,0],[22,-1],[0,0]],"v":[[124,72.5],[118.5,77],[110.5,92],[133.75,73.75]]}],"t":92},{"o":{"x":0.167,"y":0.167},"i":{"x":0.833,"y":0.833},"s":[{"c":true,"i":[[0,0],[0,0],[-4.582,-2.062],[0,0]],"o":[[0,0],[0,0],[40,18],[0,0]],"v":[[138.5,70.5],[124,67],[113,87],[159,75.25]]}],"t":97},{"o":{"x":0.167,"y":0.167},"i":{"x":0.833,"y":0.833},"s":[{"c":true,"i":[[5.5,2],[0,0],[-4.596,-2.031],[-22,36.5]],"o":[[-20.5,19],[0,0],[21.5,9.5],[-6.5,-2]],"v":[[165.5,74.5],[135.5,26],[115,81],[180.5,79]]}],"t":98},{"o":{"x":0.167,"y":0.167},"i":{"x":0.833,"y":0.833},"s":[{"c":true,"i":[[5.5,2],[0,0],[-3.074,-3.975],[-22,36.5]],"o":[[-11,2.75],[0,0],[18.75,24.25],[-6.5,-2]],"v":[[167.25,77],[129.25,14],[124.25,66.5],[195.5,84]]}],"t":105},{"o":{"x":0.167,"y":0.167},"i":{"x":0.833,"y":0.833},"s":[{"c":true,"i":[[5.5,2],[0,0],[-3.38,-3.718],[-24.25,25.5]],"o":[[-11,2.75],[0,0],[20,22],[-6.5,-2]],"v":[[167.25,77],[105.5,45.75],[109.75,81],[218.25,87.5]]}],"t":114},{"o":{"x":0.167,"y":0.167},"i":{"x":0.833,"y":0.833},"s":[{"c":true,"i":[[5.5,2],[0,0],[-5.023,-0.148],[-9.5,11.25]],"o":[[-11,2.75],[0,0],[8.5,0.25],[-6.5,-2]],"v":[[123,65.5],[105.5,45.75],[113.5,89.75],[144,72.75]]}],"t":123},{"o":{"x":0.167,"y":0.167},"i":{"x":0.833,"y":0.833},"s":[{"c":true,"i":[[5.5,2],[0,0],[-3.182,-3.889],[-23.25,30.75]],"o":[[-11,2.75],[0,0],[18,22],[-6.5,-2]],"v":[[159,74.5],[136.25,41.75],[119.25,71.25],[186.25,81]]}],"t":137},{"o":{"x":0.167,"y":0.167},"i":{"x":0.833,"y":0.833},"s":[{"c":true,"i":[[5.5,2],[0,0],[-4.189,-2.775],[-16,26.25]],"o":[[-24.5,21],[0,0],[19.25,12.75],[-6.5,-2]],"v":[[139.5,71.5],[104.5,83.25],[97.75,102],[161.25,76.75]]}],"t":148},{"o":{"x":0.167,"y":0.167},"i":{"x":0.833,"y":0.833},"s":[{"c":true,"i":[[5.5,2],[0,0],[-4.189,-2.775],[-16,26.25]],"o":[[-24.5,21],[0,0],[19.25,12.75],[-6.5,-2]],"v":[[106.25,65.75],[71.25,77.5],[64.5,96.25],[128,71]]}],"t":154},{"o":{"x":0.167,"y":0.167},"i":{"x":0.833,"y":0.833},"s":[{"c":true,"i":[[5.5,2],[0,0],[-4.189,-2.775],[-16,26.25]],"o":[[-24.5,21],[0,0],[19.25,12.75],[-6.5,-2]],"v":[[106.25,65.75],[71.25,77.5],[64.5,96.25],[128,71]]}],"t":159},{"o":{"x":0.167,"y":0.167},"i":{"x":0.833,"y":0.833},"s":[{"c":true,"i":[[5.5,2],[0,0],[-4.189,-2.775],[-16,26.25]],"o":[[-10.75,2.5],[0,0],[19.25,12.75],[-6.5,-2]],"v":[[147,73],[122.5,57.25],[113,81.75],[168.75,78.25]]}],"t":170},{"s":[{"c":true,"i":[[6.75,0.25],[0,0],[-17.5,1.5],[-2,3]],"o":[[-6,4],[0,0],[17.5,-1.5],[-6.75,-2]],"v":[[125.5,74],[103,88],[103,106],[144,77]]}],"t":179}],"ix":2}},{"ty":"fl","bm":0,"hd":false,"mn":"ADBE Vector Graphic - Fill","nm":"Fill 1","c":{"a":0,"k":[1,0.9804,0.8824],"ix":4},"r":1,"o":{"a":0,"k":100,"ix":5}},{"ty":"tr","a":{"a":0,"k":[0,0],"ix":1},"s":{"a":0,"k":[100,100],"ix":3},"sk":{"a":0,"k":0,"ix":4},"p":{"a":0,"k":[0,0],"ix":2},"r":{"a":0,"k":0,"ix":6},"sa":{"a":0,"k":0,"ix":5},"o":{"a":0,"k":100,"ix":7}}]}],"ind":6},{"ty":4,"nm":"Back","sr":1,"st":0,"op":180,"ip":0,"hd":false,"ddd":0,"bm":0,"hasMask":false,"ao":0,"ks":{"a":{"a":0,"k":[0,0,0],"ix":1},"s":{"a":0,"k":[100,100,100],"ix":6},"sk":{"a":0,"k":0},"p":{"a":0,"k":[256,256,0],"ix":2},"r":{"a":0,"k":0,"ix":10},"sa":{"a":0,"k":0},"o":{"a":0,"k":100,"ix":11}},"ef":[],"shapes":[{"ty":"gr","bm":0,"hd":false,"mn":"ADBE Vector Group","nm":"Ellipse 1","ix":1,"cix":2,"np":3,"it":[{"ty":"el","bm":0,"hd":false,"mn":"ADBE Vector Shape - Ellipse","nm":"Ellipse Path 1","d":1,"p":{"a":0,"k":[0,0],"ix":3},"s":{"a":0,"k":[366,366],"ix":2}},{"ty":"fl","bm":0,"hd":false,"mn":"ADBE Vector Graphic - Fill","nm":"Fill 1","c":{"a":0,"k":[0,0,0],"ix":4},"r":1,"o":{"a":0,"k":100,"ix":5}},{"ty":"tr","a":{"a":0,"k":[0,0],"ix":1},"s":{"a":0,"k":[118.182,38.587],"ix":3},"sk":{"a":0,"k":0,"ix":4},"p":{"a":0,"k":[-5,161],"ix":2},"r":{"a":0,"k":0,"ix":6},"sa":{"a":0,"k":0,"ix":5},"o":{"a":0,"k":100,"ix":7}}]}],"ind":7},{"ty":4,"nm":"Back 2","sr":1,"st":0,"op":180,"ip":0,"hd":false,"ddd":0,"bm":0,"hasMask":true,"ao":0,"ks":{"a":{"a":0,"k":[0,0,0],"ix":1},"s":{"a":0,"k":[100,100,100],"ix":6},"sk":{"a":0,"k":0},"p":{"a":0,"k":[256,238,0],"ix":2},"r":{"a":0,"k":0,"ix":10},"sa":{"a":0,"k":0},"o":{"a":0,"k":100,"ix":11}},"ef":[],"masksProperties":[{"nm":"Mask 1","inv":false,"mode":"a","x":{"a":0,"k":0,"ix":4},"o":{"a":0,"k":100,"ix":3},"pt":{"a":0,"k":{"c":true,"i":[[127,-9],[-5,-70],[-184.5,-29],[0,46]],"o":[[2,73],[147,-70],[3,-88],[-193,-26]],"v":[[-237,-221.5],[-223,100.5],[217.5,105],[236,-207.5]]},"ix":1}}],"shapes":[{"ty":"gr","bm":0,"hd":false,"mn":"ADBE Vector Group","nm":"Shape 8","ix":1,"cix":2,"np":3,"it":[{"ty":"sh","bm":0,"hd":false,"mn":"ADBE Vector Shape - Group","nm":"Path 1","ix":1,"d":1,"ks":{"a":0,"k":{"c":true,"i":[[1.5,24],[8.5,-20],[0,-19],[-6.5,-8.5]],"o":[[-1.06,-16.967],[-7,-12],[0,22],[2.5,-10]],"v":[[165.5,-152],[133,-154],[103,-148.5],[137,-118]]},"ix":2}},{"ty":"fl","bm":0,"hd":false,"mn":"ADBE Vector Graphic - Fill","nm":"Fill 1","c":{"a":0,"k":[1,0.9804,0.8824],"ix":4},"r":1,"o":{"a":0,"k":100,"ix":5}},{"ty":"tr","a":{"a":0,"k":[129,-142],"ix":1},"s":{"a":0,"k":[120,120],"ix":3},"sk":{"a":0,"k":0,"ix":4},"p":{"a":1,"k":[{"o":{"x":0.333,"y":0},"i":{"x":0.667,"y":0.681},"s":[153,186],"t":122,"ti":[-0.167,90.183],"to":[0.111,-15.343]},{"o":{"x":0.333,"y":0.526},"i":{"x":0.667,"y":0.941},"s":[173,-65.389],"t":144,"ti":[0.403,23.494],"to":[0.196,-106.003]},{"s":[168.024,-308.409],"t":179}],"ix":2},"r":{"a":0,"k":0,"ix":6},"sa":{"a":0,"k":0,"ix":5},"o":{"a":0,"k":100,"ix":7}}]},{"ty":"gr","bm":0,"hd":false,"mn":"ADBE Vector Group","nm":"Shape 7","ix":2,"cix":2,"np":3,"it":[{"ty":"sh","bm":0,"hd":false,"mn":"ADBE Vector Shape - Group","nm":"Path 1","ix":1,"d":1,"ks":{"a":0,"k":{"c":true,"i":[[1.5,24],[8.5,-20],[0,-19],[-6.5,-8.5]],"o":[[-1.06,-16.967],[-7,-12],[0,22],[2.5,-10]],"v":[[165.5,-152],[133,-154],[103,-148.5],[137,-118]]},"ix":2}},{"ty":"fl","bm":0,"hd":false,"mn":"ADBE Vector Graphic - Fill","nm":"Fill 1","c":{"a":0,"k":[1,0.9804,0.8824],"ix":4},"r":1,"o":{"a":0,"k":100,"ix":5}},{"ty":"tr","a":{"a":0,"k":[250,-142],"ix":1},"s":{"a":0,"k":[100,100],"ix":3},"sk":{"a":0,"k":0,"ix":4},"p":{"a":1,"k":[{"o":{"x":0.333,"y":0},"i":{"x":0.667,"y":0.791},"s":[173,174],"t":94,"ti":[-0.167,90.183],"to":[0.111,-15.343]},{"o":{"x":0.333,"y":0.827},"i":{"x":0.667,"y":1},"s":[180,-88.389],"t":109,"ti":[-0.139,19.074],"to":[0.207,-112.113]},{"s":[168,-269],"t":150}],"ix":2},"r":{"a":0,"k":0,"ix":6},"sa":{"a":0,"k":0,"ix":5},"o":{"a":0,"k":100,"ix":7}}]},{"ty":"gr","bm":0,"hd":false,"mn":"ADBE Vector Group","nm":"Shape 6","ix":3,"cix":2,"np":3,"it":[{"ty":"sh","bm":0,"hd":false,"mn":"ADBE Vector Shape - Group","nm":"Path 1","ix":1,"d":1,"ks":{"a":0,"k":{"c":true,"i":[[1.5,24],[8.5,-20],[0,-19],[-6.5,-8.5]],"o":[[-1.06,-16.967],[-7,-12],[0,22],[2.5,-10]],"v":[[165.5,-152],[133,-154],[103,-148.5],[137,-118]]},"ix":2}},{"ty":"fl","bm":0,"hd":false,"mn":"ADBE Vector Graphic - Fill","nm":"Fill 1","c":{"a":0,"k":[1,0.9804,0.8824],"ix":4},"r":1,"o":{"a":0,"k":100,"ix":5}},{"ty":"tr","a":{"a":0,"k":[559,-142],"ix":1},"s":{"a":0,"k":[80,80],"ix":3},"sk":{"a":0,"k":0,"ix":4},"p":{"a":1,"k":[{"o":{"x":0.333,"y":0},"i":{"x":0.667,"y":0.782},"s":[173,174],"t":75,"ti":[-0.167,90.183],"to":[0.111,-15.343]},{"o":{"x":0.333,"y":0.78},"i":{"x":0.667,"y":1},"s":[180,-77.389],"t":90,"ti":[-0.139,19.074],"to":[0.207,-112.113]},{"s":[168,-269],"t":131}],"ix":2},"r":{"a":0,"k":0,"ix":6},"sa":{"a":0,"k":0,"ix":5},"o":{"a":0,"k":100,"ix":7}}]},{"ty":"gr","bm":0,"hd":false,"mn":"ADBE Vector Group","nm":"Shape 5","ix":4,"cix":2,"np":3,"it":[{"ty":"sh","bm":0,"hd":false,"mn":"ADBE Vector Shape - Group","nm":"Path 1","ix":1,"d":1,"ks":{"a":0,"k":{"c":true,"i":[[1.5,24],[8.5,-20],[0,-19],[-6.5,-8.5]],"o":[[-1.06,-16.967],[-7,-12],[0,22],[2.5,-10]],"v":[[165.5,-152],[133,-154],[103,-148.5],[137,-118]]},"ix":2}},{"ty":"fl","bm":0,"hd":false,"mn":"ADBE Vector Graphic - Fill","nm":"Fill 1","c":{"a":0,"k":[1,0.9804,0.8824],"ix":4},"r":1,"o":{"a":0,"k":100,"ix":5}},{"ty":"tr","a":{"a":0,"k":[254,-142],"ix":1},"s":{"a":0,"k":[100,100],"ix":3},"sk":{"a":0,"k":0,"ix":4},"p":{"a":1,"k":[{"o":{"x":0.333,"y":0},"i":{"x":0.667,"y":0.782},"s":[173,174],"t":51,"ti":[-0.167,90.183],"to":[0.111,-15.343]},{"o":{"x":0.333,"y":0.78},"i":{"x":0.667,"y":1},"s":[180,-77.389],"t":66,"ti":[-0.139,19.074],"to":[0.207,-112.113]},{"s":[168,-269],"t":107}],"ix":2},"r":{"a":0,"k":0,"ix":6},"sa":{"a":0,"k":0,"ix":5},"o":{"a":0,"k":100,"ix":7}}]},{"ty":"gr","bm":0,"hd":false,"mn":"ADBE Vector Group","nm":"Shape 4","ix":5,"cix":2,"np":3,"it":[{"ty":"sh","bm":0,"hd":false,"mn":"ADBE Vector Shape - Group","nm":"Path 1","ix":1,"d":1,"ks":{"a":0,"k":{"c":true,"i":[[1.5,24],[8.5,-20],[0,-19],[-6.5,-8.5]],"o":[[-1.06,-16.967],[-7,-12],[0,22],[2.5,-10]],"v":[[165.5,-152],[133,-154],[103,-148.5],[137,-118]]},"ix":2}},{"ty":"fl","bm":0,"hd":false,"mn":"ADBE Vector Graphic - Fill","nm":"Fill 1","c":{"a":0,"k":[1,0.9804,0.8824],"ix":4},"r":1,"o":{"a":0,"k":100,"ix":5}},{"ty":"tr","a":{"a":0,"k":[155,-142],"ix":1},"s":{"a":0,"k":[90,90],"ix":3},"sk":{"a":0,"k":0,"ix":4},"p":{"a":1,"k":[{"o":{"x":0.333,"y":0},"i":{"x":0.667,"y":0.794},"s":[173,174],"t":29,"ti":[-0.167,90.183],"to":[0.111,-15.343]},{"o":{"x":0.333,"y":0.923},"i":{"x":0.667,"y":1},"s":[180,-91.389],"t":44,"ti":[-0.139,19.074],"to":[0.207,-112.113]},{"s":[168,-269],"t":89}],"ix":2},"r":{"a":0,"k":0,"ix":6},"sa":{"a":0,"k":0,"ix":5},"o":{"a":0,"k":100,"ix":7}}]},{"ty":"gr","bm":0,"hd":false,"mn":"ADBE Vector Group","nm":"Shape 3","ix":6,"cix":2,"np":3,"it":[{"ty":"sh","bm":0,"hd":false,"mn":"ADBE Vector Shape - Group","nm":"Path 1","ix":1,"d":1,"ks":{"a":0,"k":{"c":true,"i":[[1.5,24],[8.5,-20],[0,-19],[-6.5,-8.5]],"o":[[-1.06,-16.967],[-7,-12],[0,22],[2.5,-10]],"v":[[165.5,-152],[133,-154],[103,-148.5],[137,-118]]},"ix":2}},{"ty":"fl","bm":0,"hd":false,"mn":"ADBE Vector Graphic - Fill","nm":"Fill 1","c":{"a":0,"k":[1,0.9804,0.8824],"ix":4},"r":1,"o":{"a":0,"k":100,"ix":5}},{"ty":"tr","a":{"a":0,"k":[438,-142],"ix":1},"s":{"a":0,"k":[114,114],"ix":3},"sk":{"a":0,"k":0,"ix":4},"p":{"a":1,"k":[{"o":{"x":0.333,"y":0},"i":{"x":0.667,"y":0.794},"s":[173,174],"t":18,"ti":[-0.167,90.183],"to":[0.111,-15.343]},{"o":{"x":0.333,"y":0.923},"i":{"x":0.667,"y":1},"s":[180,-91.389],"t":33,"ti":[-0.139,19.074],"to":[0.207,-112.113]},{"s":[168,-269],"t":78}],"ix":2},"r":{"a":0,"k":0,"ix":6},"sa":{"a":0,"k":0,"ix":5},"o":{"a":0,"k":100,"ix":7}}]},{"ty":"gr","bm":0,"hd":false,"mn":"ADBE Vector Group","nm":"Shape 2","ix":7,"cix":2,"np":3,"it":[{"ty":"sh","bm":0,"hd":false,"mn":"ADBE Vector Shape - Group","nm":"Path 1","ix":1,"d":1,"ks":{"a":0,"k":{"c":true,"i":[[1.5,24],[8.5,-20],[0,-19],[-6.5,-8.5]],"o":[[-1.06,-16.967],[-7,-12],[0,22],[2.5,-10]],"v":[[165.5,-152],[133,-154],[103,-148.5],[137,-118]]},"ix":2}},{"ty":"fl","bm":0,"hd":false,"mn":"ADBE Vector Graphic - Fill","nm":"Fill 1","c":{"a":0,"k":[1,0.9804,0.8824],"ix":4},"r":1,"o":{"a":0,"k":100,"ix":5}},{"ty":"tr","a":{"a":0,"k":[288,-142],"ix":1},"s":{"a":0,"k":[100,100],"ix":3},"sk":{"a":0,"k":0,"ix":4},"p":{"a":1,"k":[{"o":{"x":0.333,"y":0},"i":{"x":0.667,"y":0.794},"s":[173,174],"t":10,"ti":[-0.167,90.183],"to":[0.111,-15.343]},{"o":{"x":0.333,"y":0.923},"i":{"x":0.667,"y":1},"s":[180,-91.389],"t":25,"ti":[-0.139,19.074],"to":[0.207,-112.113]},{"s":[168,-269],"t":70}],"ix":2},"r":{"a":0,"k":0,"ix":6},"sa":{"a":0,"k":0,"ix":5},"o":{"a":0,"k":100,"ix":7}}]},{"ty":"gr","bm":0,"hd":false,"mn":"ADBE Vector Group","nm":"Shape 1","ix":8,"cix":2,"np":3,"it":[{"ty":"sh","bm":0,"hd":false,"mn":"ADBE Vector Shape - Group","nm":"Path 1","ix":1,"d":1,"ks":{"a":0,"k":{"c":true,"i":[[1.5,24],[8.5,-20],[0,-19],[-6.5,-8.5]],"o":[[-1.06,-16.967],[-7,-12],[0,22],[2.5,-10]],"v":[[165.5,-152],[133,-154],[103,-148.5],[137,-118]]},"ix":2}},{"ty":"fl","bm":0,"hd":false,"mn":"ADBE Vector Graphic - Fill","nm":"Fill 1","c":{"a":0,"k":[1,0.9804,0.8824],"ix":4},"r":1,"o":{"a":0,"k":100,"ix":5}},{"ty":"tr","a":{"a":0,"k":[217,-142],"ix":1},"s":{"a":0,"k":[100,100],"ix":3},"sk":{"a":0,"k":0,"ix":4},"p":{"a":1,"k":[{"o":{"x":0.333,"y":0},"i":{"x":0.667,"y":0.794},"s":[173,174],"t":0,"ti":[-0.167,90.183],"to":[0.111,-15.343]},{"o":{"x":0.333,"y":0.923},"i":{"x":0.667,"y":1},"s":[180,-91.389],"t":15,"ti":[-0.139,19.074],"to":[0.207,-112.113]},{"s":[168,-269],"t":60}],"ix":2},"r":{"a":0,"k":0,"ix":6},"sa":{"a":0,"k":0,"ix":5},"o":{"a":0,"k":100,"ix":7}}]}],"ind":8},{"ty":4,"nm":"Back 3","sr":1,"st":0,"op":180,"ip":0,"hd":false,"ddd":0,"bm":0,"hasMask":false,"ao":0,"ks":{"a":{"a":0,"k":[0,0,0],"ix":1},"s":{"a":0,"k":[100,100,100],"ix":6},"sk":{"a":0,"k":0},"p":{"a":0,"k":[256,256,0],"ix":2},"r":{"a":0,"k":0,"ix":10},"sa":{"a":0,"k":0},"o":{"a":0,"k":100,"ix":11}},"ef":[],"shapes":[{"ty":"gr","bm":0,"hd":false,"mn":"ADBE Vector Group","nm":"Shape 1","ix":1,"cix":2,"np":3,"it":[{"ty":"sh","bm":0,"hd":false,"mn":"ADBE Vector Shape - Group","nm":"Path 1","ix":1,"d":1,"ks":{"a":0,"k":{"c":true,"i":[[127,-9],[-5,-70],[-184.5,-29],[0,46]],"o":[[2,73],[147,-70],[3,-88],[-193,-26]],"v":[[-237,-251],[-223,71],[217.5,75.5],[236,-237]]},"ix":2}},{"ty":"st","bm":0,"hd":false,"mn":"ADBE Vector Graphic - Stroke","nm":"Stroke 1","lc":1,"lj":1,"ml":4,"o":{"a":0,"k":100,"ix":4},"w":{"a":0,"k":10,"ix":5},"c":{"a":0,"k":[1,1,1],"ix":3}},{"ty":"fl","bm":0,"hd":false,"mn":"ADBE Vector Graphic - Fill","nm":"Fill 1","c":{"a":0,"k":[0.9725,0.8039,0.7255],"ix":4},"r":1,"o":{"a":0,"k":100,"ix":5}},{"ty":"tr","a":{"a":0,"k":[0,0],"ix":1},"s":{"a":0,"k":[100,100],"ix":3},"sk":{"a":0,"k":0,"ix":4},"p":{"a":0,"k":[0,10],"ix":2},"r":{"a":0,"k":0,"ix":6},"sa":{"a":0,"k":0,"ix":5},"o":{"a":0,"k":100,"ix":7}}]},{"ty":"gr","bm":0,"hd":false,"mn":"ADBE Vector Group","nm":"Shape 2","ix":2,"cix":2,"np":3,"it":[{"ty":"sh","bm":0,"hd":false,"mn":"ADBE Vector Shape - Group","nm":"Path 1","ix":1,"d":1,"ks":{"a":0,"k":{"c":true,"i":[[264,-20],[77,-20],[-34.25,-14]],"o":[[139,55],[47.5,19],[-66.897,-62.336]],"v":[[48,-204],[-41,92],[183.25,126.5]]},"ix":2}},{"ty":"fl","bm":0,"hd":false,"mn":"ADBE Vector Graphic - Fill","nm":"Fill 1","c":{"a":0,"k":[0,0,0],"ix":4},"r":1,"o":{"a":0,"k":100,"ix":5}},{"ty":"tr","a":{"a":0,"k":[0,0],"ix":1},"s":{"a":0,"k":[100,100],"ix":3},"sk":{"a":0,"k":0,"ix":4},"p":{"a":0,"k":[0,0],"ix":2},"r":{"a":0,"k":0,"ix":6},"sa":{"a":0,"k":0,"ix":5},"o":{"a":0,"k":100,"ix":7}}]}],"ind":9}],"v":"5.5.10","fr":60,"op":180,"ip":0,"assets":[]}