{"v":"5.9.6","fr":29.9700012207031,"ip":0,"op":81.0000032991976,"w":1080,"h":1080,"nm":"walking doge","ddd":0,"assets":[{"id":"comp_0","nm":"tommy","fr":29.9700012207031,"layers":[{"ddd":0,"ind":1,"ty":4,"nm":"tail Outlines","parent":15,"sr":1,"ks":{"o":{"a":0,"k":100,"ix":11},"r":{"a":0,"k":-31,"ix":10},"p":{"a":0,"k":[22.03,40.503,0],"ix":2,"l":2},"a":{"a":0,"k":[33,73,0],"ix":1,"l":2},"s":{"a":0,"k":[100,100,100],"ix":6,"l":2}},"ao":0,"shapes":[{"ty":"gr","it":[{"ind":0,"ty":"sh","ix":1,"ks":{"a":1,"k":[{"i":{"x":0.833,"y":0.833},"o":{"x":0.167,"y":0.167},"t":0,"s":[{"i":[[0,0],[0,0]],"o":[[0,0],[0,0]],"v":[[-10,-30],[10,30]],"c":false}]},{"i":{"x":0.833,"y":0.833},"o":{"x":0.167,"y":0.167},"t":2.998,"s":[{"i":[[3.229,-15.169],[0,0]],"o":[[-3.45,16.208],[0,0]],"v":[[-0.05,-38.6],[10,30]],"c":false}]},{"i":{"x":0.833,"y":0.833},"o":{"x":0.167,"y":0.167},"t":4.995,"s":[{"i":[[2.25,-25.75],[0,0]],"o":[[-2.25,25.75],[0,0]],"v":[[-11.75,-24.75],[10,30]],"c":false}]},{"i":{"x":0.833,"y":0.833},"o":{"x":0.167,"y":0.167},"t":6.993,"s":[{"i":[[-14.941,-21.093],[0,0]],"o":[[16.75,23.647],[0,0]],"v":[[-25.75,-5.75],[10,30]],"c":false}]},{"i":{"x":0.833,"y":0.833},"o":{"x":0.167,"y":0.167},"t":7.993,"s":[{"i":[[-12.337,-22.344],[0,0]],"o":[[19.167,22.257],[0,0]],"v":[[-24.417,-9.167],[10,30]],"c":false}]},{"i":{"x":0.833,"y":0.833},"o":{"x":0.167,"y":0.167},"t":9.99,"s":[{"i":[[-7.13,-24.845],[0,0]],"o":[[8.25,28.75],[0,0]],"v":[[-6.75,-27.25],[10,30]],"c":false}]},{"i":{"x":0.833,"y":0.833},"o":{"x":0.167,"y":0.167},"t":11.988,"s":[{"i":[[1.842,-25.782],[0,0]],"o":[[-2.5,35],[0,0]],"v":[[-1,-36.5],[10,30]],"c":false}]},{"i":{"x":0.833,"y":0.833},"o":{"x":0.167,"y":0.167},"t":13.986,"s":[{"i":[[1.842,-25.782],[0,0]],"o":[[-2.5,35],[0,0]],"v":[[-11,-22.5],[10,30]],"c":false}]},{"i":{"x":0.833,"y":0.833},"o":{"x":0.167,"y":0.167},"t":15.984,"s":[{"i":[[-14.596,-21.333],[0,0]],"o":[[19.5,28.5],[0,0]],"v":[[-25,-16],[10,30]],"c":false}]},{"i":{"x":0.833,"y":0.833},"o":{"x":0.167,"y":0.167},"t":17.983,"s":[{"i":[[-20.108,-16.241],[0,0]],"o":[[26,21],[0,0]],"v":[[-23,-18],[10,30]],"c":false}]},{"i":{"x":0.833,"y":0.833},"o":{"x":0.167,"y":0.167},"t":19.98,"s":[{"i":[[0,0],[0,0]],"o":[[0,0],[0,0]],"v":[[-10,-30],[10,30]],"c":false}]},{"i":{"x":0.833,"y":0.833},"o":{"x":0.167,"y":0.167},"t":22.978,"s":[{"i":[[3.229,-15.169],[0,0]],"o":[[-3.45,16.208],[0,0]],"v":[[-0.05,-38.6],[10,30]],"c":false}]},{"i":{"x":0.833,"y":0.833},"o":{"x":0.167,"y":0.167},"t":24.975,"s":[{"i":[[2.25,-25.75],[0,0]],"o":[[-2.25,25.75],[0,0]],"v":[[-11.75,-24.75],[10,30]],"c":false}]},{"i":{"x":0.833,"y":0.833},"o":{"x":0.167,"y":0.167},"t":26.973,"s":[{"i":[[-14.941,-21.093],[0,0]],"o":[[16.75,23.647],[0,0]],"v":[[-25.75,-5.75],[10,30]],"c":false}]},{"i":{"x":0.833,"y":0.833},"o":{"x":0.167,"y":0.167},"t":27.973,"s":[{"i":[[-12.337,-22.344],[0,0]],"o":[[19.167,22.257],[0,0]],"v":[[-24.417,-9.167],[10,30]],"c":false}]},{"i":{"x":0.833,"y":0.833},"o":{"x":0.167,"y":0.167},"t":29.97,"s":[{"i":[[-7.13,-24.845],[0,0]],"o":[[8.25,28.75],[0,0]],"v":[[-6.75,-27.25],[10,30]],"c":false}]},{"i":{"x":0.833,"y":0.833},"o":{"x":0.167,"y":0.167},"t":31.968,"s":[{"i":[[1.842,-25.782],[0,0]],"o":[[-2.5,35],[0,0]],"v":[[-1,-36.5],[10,30]],"c":false}]},{"i":{"x":0.833,"y":0.833},"o":{"x":0.167,"y":0.167},"t":33.966,"s":[{"i":[[1.842,-25.782],[0,0]],"o":[[-2.5,35],[0,0]],"v":[[-11,-22.5],[10,30]],"c":false}]},{"i":{"x":0.833,"y":0.833},"o":{"x":0.167,"y":0.167},"t":35.964,"s":[{"i":[[-14.596,-21.333],[0,0]],"o":[[19.5,28.5],[0,0]],"v":[[-25,-16],[10,30]],"c":false}]},{"i":{"x":0.833,"y":0.833},"o":{"x":0.167,"y":0.167},"t":37.963,"s":[{"i":[[-20.108,-16.241],[0,0]],"o":[[26,21],[0,0]],"v":[[-23,-18],[10,30]],"c":false}]},{"i":{"x":0.833,"y":0.833},"o":{"x":0.167,"y":0.167},"t":39.96,"s":[{"i":[[0,0],[0,0]],"o":[[0,0],[0,0]],"v":[[-10,-30],[10,30]],"c":false}]},{"i":{"x":0.833,"y":0.833},"o":{"x":0.167,"y":0.167},"t":42.958,"s":[{"i":[[3.229,-15.169],[0,0]],"o":[[-3.45,16.208],[0,0]],"v":[[-0.05,-38.6],[10,30]],"c":false}]},{"i":{"x":0.833,"y":0.833},"o":{"x":0.167,"y":0.167},"t":44.955,"s":[{"i":[[2.25,-25.75],[0,0]],"o":[[-2.25,25.75],[0,0]],"v":[[-11.75,-24.75],[10,30]],"c":false}]},{"i":{"x":0.833,"y":0.833},"o":{"x":0.167,"y":0.167},"t":46.953,"s":[{"i":[[-14.941,-21.093],[0,0]],"o":[[16.75,23.647],[0,0]],"v":[[-25.75,-5.75],[10,30]],"c":false}]},{"i":{"x":0.833,"y":0.833},"o":{"x":0.167,"y":0.167},"t":47.953,"s":[{"i":[[-12.337,-22.344],[0,0]],"o":[[19.167,22.257],[0,0]],"v":[[-24.417,-9.167],[10,30]],"c":false}]},{"i":{"x":0.833,"y":0.833},"o":{"x":0.167,"y":0.167},"t":49.95,"s":[{"i":[[-7.13,-24.845],[0,0]],"o":[[8.25,28.75],[0,0]],"v":[[-6.75,-27.25],[10,30]],"c":false}]},{"i":{"x":0.833,"y":0.833},"o":{"x":0.167,"y":0.167},"t":51.948,"s":[{"i":[[1.842,-25.782],[0,0]],"o":[[-2.5,35],[0,0]],"v":[[-1,-36.5],[10,30]],"c":false}]},{"i":{"x":0.833,"y":0.833},"o":{"x":0.167,"y":0.167},"t":53.946,"s":[{"i":[[1.842,-25.782],[0,0]],"o":[[-2.5,35],[0,0]],"v":[[-11,-22.5],[10,30]],"c":false}]},{"i":{"x":0.833,"y":0.833},"o":{"x":0.167,"y":0.167},"t":55.944,"s":[{"i":[[-14.596,-21.333],[0,0]],"o":[[19.5,28.5],[0,0]],"v":[[-25,-16],[10,30]],"c":false}]},{"i":{"x":0.833,"y":0.833},"o":{"x":0.167,"y":0.167},"t":57.943,"s":[{"i":[[-20.108,-16.241],[0,0]],"o":[[26,21],[0,0]],"v":[[-23,-18],[10,30]],"c":false}]},{"i":{"x":0.833,"y":0.833},"o":{"x":0.167,"y":0.167},"t":59.94,"s":[{"i":[[0,0],[0,0]],"o":[[0,0],[0,0]],"v":[[-10,-30],[10,30]],"c":false}]},{"i":{"x":0.833,"y":0.833},"o":{"x":0.167,"y":0.167},"t":62.938,"s":[{"i":[[3.229,-15.169],[0,0]],"o":[[-3.45,16.208],[0,0]],"v":[[-0.05,-38.6],[10,30]],"c":false}]},{"i":{"x":0.833,"y":0.833},"o":{"x":0.167,"y":0.167},"t":64.935,"s":[{"i":[[2.25,-25.75],[0,0]],"o":[[-2.25,25.75],[0,0]],"v":[[-11.75,-24.75],[10,30]],"c":false}]},{"i":{"x":0.833,"y":0.833},"o":{"x":0.167,"y":0.167},"t":66.933,"s":[{"i":[[-14.941,-21.093],[0,0]],"o":[[16.75,23.647],[0,0]],"v":[[-25.75,-5.75],[10,30]],"c":false}]},{"i":{"x":0.833,"y":0.833},"o":{"x":0.167,"y":0.167},"t":67.933,"s":[{"i":[[-12.337,-22.344],[0,0]],"o":[[19.167,22.257],[0,0]],"v":[[-24.417,-9.167],[10,30]],"c":false}]},{"i":{"x":0.833,"y":0.833},"o":{"x":0.167,"y":0.167},"t":69.93,"s":[{"i":[[-7.13,-24.845],[0,0]],"o":[[8.25,28.75],[0,0]],"v":[[-6.75,-27.25],[10,30]],"c":false}]},{"i":{"x":0.833,"y":0.833},"o":{"x":0.167,"y":0.167},"t":71.928,"s":[{"i":[[1.842,-25.782],[0,0]],"o":[[-2.5,35],[0,0]],"v":[[-1,-36.5],[10,30]],"c":false}]},{"i":{"x":0.833,"y":0.833},"o":{"x":0.167,"y":0.167},"t":73.926,"s":[{"i":[[1.842,-25.782],[0,0]],"o":[[-2.5,35],[0,0]],"v":[[-11,-22.5],[10,30]],"c":false}]},{"i":{"x":0.833,"y":0.833},"o":{"x":0.167,"y":0.167},"t":75.924,"s":[{"i":[[-14.596,-21.333],[0,0]],"o":[[19.5,28.5],[0,0]],"v":[[-25,-16],[10,30]],"c":false}]},{"i":{"x":0.833,"y":0.833},"o":{"x":0.167,"y":0.167},"t":77.923,"s":[{"i":[[-20.108,-16.241],[0,0]],"o":[[26,21],[0,0]],"v":[[-23,-18],[10,30]],"c":false}]},{"t":79.9200032552083,"s":[{"i":[[0,0],[0,0]],"o":[[0,0],[0,0]],"v":[[-10,-30],[10,30]],"c":false}]}],"ix":2},"nm":"Path 1","mn":"ADBE Vector Shape - Group","hd":false},{"ty":"st","c":{"a":0,"k":[0.768627510819,0.701960784314,0.603921568627,1],"ix":3},"o":{"a":0,"k":100,"ix":4},"w":{"a":0,"k":26,"ix":5},"lc":2,"lj":1,"ml":10,"bm":0,"nm":"Stroke 1","mn":"ADBE Vector Graphic - Stroke","hd":false},{"ty":"tr","p":{"a":0,"k":[23,43],"ix":2},"a":{"a":0,"k":[0,0],"ix":1},"s":{"a":0,"k":[100,100],"ix":3},"r":{"a":0,"k":0,"ix":6},"o":{"a":0,"k":100,"ix":7},"sk":{"a":0,"k":0,"ix":4},"sa":{"a":0,"k":0,"ix":5},"nm":"Transform"}],"nm":"Group 1","np":2,"cix":2,"bm":0,"ix":1,"mn":"ADBE Vector Group","hd":false}],"ip":0,"op":299.700012207031,"st":0,"ct":1,"bm":0},{"ddd":0,"ind":2,"ty":4,"nm":"left eye Outlines 2","parent":6,"td":1,"sr":1,"ks":{"o":{"a":0,"k":100,"ix":11},"r":{"a":0,"k":0,"ix":10},"p":{"a":0,"k":[115.574,76.281,0],"ix":2,"l":2},"a":{"a":0,"k":[29.362,29.362,0],"ix":1,"l":2},"s":{"a":0,"k":[100,100,100],"ix":6,"l":2}},"ao":0,"shapes":[{"ty":"gr","it":[{"ind":0,"ty":"sh","ix":1,"ks":{"a":0,"k":{"i":[[0,-4.818],[-3.375,0],[0,4.818],[3.376,0]],"o":[[0,4.818],[3.376,0],[0,-4.818],[-3.375,0]],"v":[[-6.112,0],[0,8.724],[6.112,0],[0,-8.724]],"c":true},"ix":2},"nm":"Path 1","mn":"ADBE Vector Shape - Group","hd":false},{"ty":"fl","c":{"a":0,"k":[1,1,1,1],"ix":4},"o":{"a":0,"k":100,"ix":5},"r":1,"bm":0,"nm":"Fill 1","mn":"ADBE Vector Graphic - Fill","hd":false},{"ty":"tr","p":{"a":0,"k":[49.331,26.883],"ix":2},"a":{"a":0,"k":[0,0],"ix":1},"s":{"a":0,"k":[100,100],"ix":3},"r":{"a":0,"k":0,"ix":6},"o":{"a":0,"k":100,"ix":7},"sk":{"a":0,"k":0,"ix":4},"sa":{"a":0,"k":0,"ix":5},"nm":"Transform"}],"nm":"Group 1","np":2,"cix":2,"bm":0,"ix":1,"mn":"ADBE Vector Group","hd":false},{"ty":"gr","it":[{"ind":0,"ty":"sh","ix":1,"ks":{"a":0,"k":{"i":[[0,-9.592],[-9.591,0],[0,9.592],[9.592,0]],"o":[[0,9.592],[9.592,0],[0,-9.592],[-9.591,0]],"v":[[-17.367,0],[-0.001,17.367],[17.367,0],[-0.001,-17.367]],"c":true},"ix":2},"nm":"Path 1","mn":"ADBE Vector Shape - Group","hd":false},{"ty":"fl","c":{"a":0,"k":[0.678431372549,0.294117647059,0.113725497676,1],"ix":4},"o":{"a":0,"k":100,"ix":5},"r":1,"bm":0,"nm":"Fill 1","mn":"ADBE Vector Graphic - Fill","hd":false},{"ty":"tr","p":{"a":0,"k":[39.281,27.709],"ix":2},"a":{"a":0,"k":[0,0],"ix":1},"s":{"a":0,"k":[100,100],"ix":3},"r":{"a":0,"k":0,"ix":6},"o":{"a":0,"k":100,"ix":7},"sk":{"a":0,"k":0,"ix":4},"sa":{"a":0,"k":0,"ix":5},"nm":"Transform"}],"nm":"Group 2","np":2,"cix":2,"bm":0,"ix":2,"mn":"ADBE Vector Group","hd":false},{"ty":"gr","it":[{"ind":0,"ty":"sh","ix":1,"ks":{"a":0,"k":{"i":[[0,-16.078],[-16.078,0],[0,16.078],[16.078,0]],"o":[[0,16.078],[16.078,0],[0,-16.078],[-16.078,0]],"v":[[-29.112,0],[0,29.112],[29.112,0],[0,-29.112]],"c":true},"ix":2},"nm":"Path 1","mn":"ADBE Vector Shape - Group","hd":false},{"ty":"fl","c":{"a":0,"k":[0.937254961799,0.937254961799,0.937254961799,1],"ix":4},"o":{"a":0,"k":100,"ix":5},"r":1,"bm":0,"nm":"Fill 1","mn":"ADBE Vector Graphic - Fill","hd":false},{"ty":"tr","p":{"a":0,"k":[29.362,29.362],"ix":2},"a":{"a":0,"k":[0,0],"ix":1},"s":{"a":0,"k":[100,100],"ix":3},"r":{"a":0,"k":0,"ix":6},"o":{"a":0,"k":100,"ix":7},"sk":{"a":0,"k":0,"ix":4},"sa":{"a":0,"k":0,"ix":5},"nm":"Transform"}],"nm":"Group 3","np":2,"cix":2,"bm":0,"ix":3,"mn":"ADBE Vector Group","hd":false}],"ip":0,"op":600.000024438501,"st":0,"ct":1,"bm":0},{"ddd":0,"ind":3,"ty":4,"nm":"Shape Layer 1","parent":4,"tt":1,"sr":1,"ks":{"o":{"a":0,"k":100,"ix":11},"r":{"a":0,"k":0,"ix":10},"p":{"a":0,"k":[26.868,-3.28,0],"ix":2,"l":2},"a":{"a":0,"k":[95.509,-148.773,0],"ix":1,"l":2},"s":{"a":0,"k":[100,100,100],"ix":6,"l":2}},"ao":0,"shapes":[{"ty":"gr","it":[{"ind":0,"ty":"sh","ix":1,"ks":{"a":1,"k":[{"i":{"x":0.833,"y":0.833},"o":{"x":0.167,"y":0.167},"t":17,"s":[{"i":[[58,-10.5],[-43.964,76.997],[0,0]],"o":[[-58,10.5],[43.964,-76.997],[0,0]],"v":[[94.5,-180.5],[56,-116],[136,-119]],"c":true}]},{"i":{"x":0.833,"y":0.833},"o":{"x":0.167,"y":0.167},"t":21,"s":[{"i":[[58,-10.5],[-43.465,73.997],[0,0]],"o":[[-58,10.5],[55.986,89.501],[0,0]],"v":[[94.5,-180.5],[56,-116],[136,-119]],"c":true}]},{"i":{"x":0.833,"y":0.833},"o":{"x":0.167,"y":0.167},"t":25,"s":[{"i":[[58,-10.5],[-43.964,76.997],[0,0]],"o":[[-58,10.5],[43.964,-76.997],[0,0]],"v":[[94.5,-180.5],[56,-116],[136,-119]],"c":true}]},{"i":{"x":0.833,"y":0.833},"o":{"x":0.167,"y":0.167},"t":59,"s":[{"i":[[58,-10.5],[-43.964,76.997],[0,0]],"o":[[-58,10.5],[43.964,-76.997],[0,0]],"v":[[94.5,-180.5],[56,-116],[136,-119]],"c":true}]},{"i":{"x":0.833,"y":0.833},"o":{"x":0.167,"y":0.167},"t":63,"s":[{"i":[[58,-10.5],[-43.465,73.997],[0,0]],"o":[[-58,10.5],[55.986,89.501],[0,0]],"v":[[94.5,-180.5],[56,-116],[136,-119]],"c":true}]},{"t":67.0000027289659,"s":[{"i":[[58,-10.5],[-43.964,76.997],[0,0]],"o":[[-58,10.5],[43.964,-76.997],[0,0]],"v":[[94.5,-180.5],[56,-116],[136,-119]],"c":true}]}],"ix":2},"nm":"Path 1","mn":"ADBE Vector Shape - Group","hd":false},{"ty":"fl","c":{"a":0,"k":[0.780392156863,0.65615605373,0.443752393536,1],"ix":4},"o":{"a":0,"k":100,"ix":5},"r":1,"bm":0,"nm":"Fill 1","mn":"ADBE Vector Graphic - Fill","hd":false},{"ty":"tr","p":{"a":0,"k":[0,0],"ix":2},"a":{"a":0,"k":[0,0],"ix":1},"s":{"a":0,"k":[100,100],"ix":3},"r":{"a":0,"k":0,"ix":6},"o":{"a":0,"k":100,"ix":7},"sk":{"a":0,"k":0,"ix":4},"sa":{"a":0,"k":0,"ix":5},"nm":"Transform"}],"nm":"Shape 1","np":3,"cix":2,"bm":0,"ix":1,"mn":"ADBE Vector Group","hd":false}],"ip":0,"op":600.000024438501,"st":0,"ct":1,"bm":0},{"ddd":0,"ind":4,"ty":4,"nm":"left eye Outlines","parent":6,"sr":1,"ks":{"o":{"a":0,"k":100,"ix":11},"r":{"a":0,"k":0,"ix":10},"p":{"a":0,"k":[115.574,76.281,0],"ix":2,"l":2},"a":{"a":0,"k":[29.362,29.362,0],"ix":1,"l":2},"s":{"a":0,"k":[100,100,100],"ix":6,"l":2}},"ao":0,"shapes":[{"ty":"gr","it":[{"ind":0,"ty":"sh","ix":1,"ks":{"a":0,"k":{"i":[[0,-4.818],[-3.375,0],[0,4.818],[3.376,0]],"o":[[0,4.818],[3.376,0],[0,-4.818],[-3.375,0]],"v":[[-6.112,0],[0,8.724],[6.112,0],[0,-8.724]],"c":true},"ix":2},"nm":"Path 1","mn":"ADBE Vector Shape - Group","hd":false},{"ty":"fl","c":{"a":0,"k":[1,1,1,1],"ix":4},"o":{"a":0,"k":100,"ix":5},"r":1,"bm":0,"nm":"Fill 1","mn":"ADBE Vector Graphic - Fill","hd":false},{"ty":"tr","p":{"a":0,"k":[49.331,26.883],"ix":2},"a":{"a":0,"k":[0,0],"ix":1},"s":{"a":0,"k":[100,100],"ix":3},"r":{"a":0,"k":0,"ix":6},"o":{"a":0,"k":100,"ix":7},"sk":{"a":0,"k":0,"ix":4},"sa":{"a":0,"k":0,"ix":5},"nm":"Transform"}],"nm":"Group 1","np":2,"cix":2,"bm":0,"ix":1,"mn":"ADBE Vector Group","hd":false},{"ty":"gr","it":[{"ind":0,"ty":"sh","ix":1,"ks":{"a":0,"k":{"i":[[0,-9.592],[-9.591,0],[0,9.592],[9.592,0]],"o":[[0,9.592],[9.592,0],[0,-9.592],[-9.591,0]],"v":[[-17.367,0],[-0.001,17.367],[17.367,0],[-0.001,-17.367]],"c":true},"ix":2},"nm":"Path 1","mn":"ADBE Vector Shape - Group","hd":false},{"ty":"fl","c":{"a":0,"k":[0.678431372549,0.294117647059,0.113725497676,1],"ix":4},"o":{"a":0,"k":100,"ix":5},"r":1,"bm":0,"nm":"Fill 1","mn":"ADBE Vector Graphic - Fill","hd":false},{"ty":"tr","p":{"a":0,"k":[39.281,27.709],"ix":2},"a":{"a":0,"k":[0,0],"ix":1},"s":{"a":0,"k":[100,100],"ix":3},"r":{"a":0,"k":0,"ix":6},"o":{"a":0,"k":100,"ix":7},"sk":{"a":0,"k":0,"ix":4},"sa":{"a":0,"k":0,"ix":5},"nm":"Transform"}],"nm":"Group 2","np":2,"cix":2,"bm":0,"ix":2,"mn":"ADBE Vector Group","hd":false},{"ty":"gr","it":[{"ind":0,"ty":"sh","ix":1,"ks":{"a":0,"k":{"i":[[0,-16.078],[-16.078,0],[0,16.078],[16.078,0]],"o":[[0,16.078],[16.078,0],[0,-16.078],[-16.078,0]],"v":[[-29.112,0],[0,29.112],[29.112,0],[0,-29.112]],"c":true},"ix":2},"nm":"Path 1","mn":"ADBE Vector Shape - Group","hd":false},{"ty":"fl","c":{"a":0,"k":[0.937254961799,0.937254961799,0.937254961799,1],"ix":4},"o":{"a":0,"k":100,"ix":5},"r":1,"bm":0,"nm":"Fill 1","mn":"ADBE Vector Graphic - Fill","hd":false},{"ty":"tr","p":{"a":0,"k":[29.362,29.362],"ix":2},"a":{"a":0,"k":[0,0],"ix":1},"s":{"a":0,"k":[100,100],"ix":3},"r":{"a":0,"k":0,"ix":6},"o":{"a":0,"k":100,"ix":7},"sk":{"a":0,"k":0,"ix":4},"sa":{"a":0,"k":0,"ix":5},"nm":"Transform"}],"nm":"Group 3","np":2,"cix":2,"bm":0,"ix":3,"mn":"ADBE Vector Group","hd":false}],"ip":0,"op":600.000024438501,"st":0,"ct":1,"bm":0},{"ddd":0,"ind":5,"ty":4,"nm":"ear Outlines","parent":6,"sr":1,"ks":{"o":{"a":0,"k":100,"ix":11},"r":{"a":1,"k":[{"i":{"x":[0.833],"y":[0.833]},"o":{"x":[0.167],"y":[0.167]},"t":0,"s":[0]},{"i":{"x":[0.833],"y":[0.833]},"o":{"x":[0.167],"y":[0.167]},"t":2,"s":[10]},{"i":{"x":[0.833],"y":[0.833]},"o":{"x":[0.167],"y":[0.167]},"t":5,"s":[0]},{"i":{"x":[0.833],"y":[0.833]},"o":{"x":[0.167],"y":[0.167]},"t":7,"s":[-5]},{"i":{"x":[0.833],"y":[0.833]},"o":{"x":[0.167],"y":[0.167]},"t":10,"s":[0]},{"i":{"x":[0.833],"y":[0.833]},"o":{"x":[0.167],"y":[0.167]},"t":12,"s":[10]},{"i":{"x":[0.833],"y":[0.833]},"o":{"x":[0.167],"y":[0.167]},"t":14,"s":[0]},{"i":{"x":[0.833],"y":[0.833]},"o":{"x":[0.167],"y":[0.167]},"t":16,"s":[-5]},{"i":{"x":[0.833],"y":[0.833]},"o":{"x":[0.167],"y":[0.167]},"t":20,"s":[0]},{"i":{"x":[0.833],"y":[0.833]},"o":{"x":[0.167],"y":[0.167]},"t":22,"s":[10]},{"i":{"x":[0.833],"y":[0.833]},"o":{"x":[0.167],"y":[0.167]},"t":25,"s":[0]},{"i":{"x":[0.833],"y":[0.833]},"o":{"x":[0.167],"y":[0.167]},"t":27,"s":[-5]},{"i":{"x":[0.833],"y":[0.833]},"o":{"x":[0.167],"y":[0.167]},"t":30,"s":[0]},{"i":{"x":[0.833],"y":[0.833]},"o":{"x":[0.167],"y":[0.167]},"t":32,"s":[10]},{"i":{"x":[0.833],"y":[0.833]},"o":{"x":[0.167],"y":[0.167]},"t":34,"s":[0]},{"i":{"x":[0.833],"y":[0.833]},"o":{"x":[0.167],"y":[0.167]},"t":36,"s":[-5]},{"i":{"x":[0.833],"y":[0.833]},"o":{"x":[0.167],"y":[0.167]},"t":40,"s":[0]},{"i":{"x":[0.833],"y":[0.833]},"o":{"x":[0.167],"y":[0.167]},"t":42,"s":[10]},{"i":{"x":[0.833],"y":[0.833]},"o":{"x":[0.167],"y":[0.167]},"t":45,"s":[0]},{"i":{"x":[0.833],"y":[0.833]},"o":{"x":[0.167],"y":[0.167]},"t":47,"s":[-5]},{"i":{"x":[0.833],"y":[0.833]},"o":{"x":[0.167],"y":[0.167]},"t":50,"s":[0]},{"i":{"x":[0.833],"y":[0.833]},"o":{"x":[0.167],"y":[0.167]},"t":52,"s":[10]},{"i":{"x":[0.833],"y":[0.833]},"o":{"x":[0.167],"y":[0.167]},"t":54,"s":[0]},{"i":{"x":[0.833],"y":[0.833]},"o":{"x":[0.167],"y":[0.167]},"t":56,"s":[-5]},{"i":{"x":[0.833],"y":[0.833]},"o":{"x":[0.167],"y":[0.167]},"t":60,"s":[0]},{"i":{"x":[0.833],"y":[0.833]},"o":{"x":[0.167],"y":[0.167]},"t":62,"s":[10]},{"i":{"x":[0.833],"y":[0.833]},"o":{"x":[0.167],"y":[0.167]},"t":65,"s":[0]},{"i":{"x":[0.833],"y":[0.833]},"o":{"x":[0.167],"y":[0.167]},"t":67,"s":[-5]},{"i":{"x":[0.833],"y":[0.833]},"o":{"x":[0.167],"y":[0.167]},"t":70,"s":[0]},{"i":{"x":[0.833],"y":[0.833]},"o":{"x":[0.167],"y":[0.167]},"t":72,"s":[10]},{"i":{"x":[0.833],"y":[0.833]},"o":{"x":[0.167],"y":[0.167]},"t":74,"s":[0]},{"i":{"x":[0.833],"y":[0.833]},"o":{"x":[0.167],"y":[0.167]},"t":76,"s":[-5]},{"t":80.0000032584668,"s":[0]}],"ix":10},"p":{"a":0,"k":[52.704,71.774,0],"ix":2,"l":2},"a":{"a":0,"k":[55.995,12.656,0],"ix":1,"l":2},"s":{"a":0,"k":[100,100,100],"ix":6,"l":2}},"ao":0,"shapes":[{"ty":"gr","it":[{"ind":0,"ty":"sh","ix":1,"ks":{"a":0,"k":{"i":[[-67.391,-2.219],[-31.347,-32.327],[19.463,-46.526],[12.586,-5.782],[17.43,12.724],[0.607,0.433],[2.556,21.267],[0.328,2.301]],"o":[[0,0],[0,0],[-5.345,12.778],[-11.989,5.508],[-0.603,-0.441],[-3.293,-2.349],[-0.277,-2.307],[-3.058,-21.478]],"v":[[1.646,-90.188],[32.503,-24.554],[46.283,55.512],[18.637,84.669],[-27.043,79.682],[-28.856,78.363],[-49.992,42.786],[-50.846,35.876]],"c":true},"ix":2},"nm":"Path 1","mn":"ADBE Vector Shape - Group","hd":false},{"ty":"fl","c":{"a":0,"k":[0.690196078431,0.56862745098,0.360784313725,1],"ix":4},"o":{"a":0,"k":100,"ix":5},"r":1,"bm":0,"nm":"Fill 1","mn":"ADBE Vector Graphic - Fill","hd":false},{"ty":"tr","p":{"a":0,"k":[65.995,92.656],"ix":2},"a":{"a":0,"k":[0,0],"ix":1},"s":{"a":0,"k":[100,100],"ix":3},"r":{"a":0,"k":0,"ix":6},"o":{"a":0,"k":100,"ix":7},"sk":{"a":0,"k":0,"ix":4},"sa":{"a":0,"k":0,"ix":5},"nm":"Transform"}],"nm":"Group 1","np":2,"cix":2,"bm":0,"ix":1,"mn":"ADBE Vector Group","hd":false}],"ip":0,"op":600.000024438501,"st":0,"ct":1,"bm":0},{"ddd":0,"ind":6,"ty":4,"nm":"head Outlines","parent":9,"sr":1,"ks":{"o":{"a":0,"k":100,"ix":11},"r":{"a":0,"k":0,"ix":10},"p":{"a":0,"k":[39.134,-78.09,0],"ix":2,"l":2},"a":{"a":0,"k":[129.25,111.468,0],"ix":1,"l":2},"s":{"a":0,"k":[100,100,100],"ix":6,"l":2}},"ao":0,"shapes":[{"ty":"gr","it":[{"ind":0,"ty":"sh","ix":1,"ks":{"a":0,"k":{"i":[[0,-3.187],[-3.187,0],[0,3.187],[3.187,0]],"o":[[0,3.187],[3.187,0],[0,-3.187],[-3.187,0]],"v":[[-5.77,0],[-0.001,5.77],[5.77,0],[-0.001,-5.77]],"c":true},"ix":2},"nm":"Path 1","mn":"ADBE Vector Shape - Group","hd":false},{"ty":"fl","c":{"a":0,"k":[0,0,0,1],"ix":4},"o":{"a":0,"k":100,"ix":5},"r":1,"bm":0,"nm":"Fill 1","mn":"ADBE Vector Graphic - Fill","hd":false},{"ty":"tr","p":{"a":0,"k":[179.207,163.465],"ix":2},"a":{"a":0,"k":[0,0],"ix":1},"s":{"a":0,"k":[100,100],"ix":3},"r":{"a":0,"k":0,"ix":6},"o":{"a":0,"k":100,"ix":7},"sk":{"a":0,"k":0,"ix":4},"sa":{"a":0,"k":0,"ix":5},"nm":"Transform"}],"nm":"Group 1","np":2,"cix":2,"bm":0,"ix":1,"mn":"ADBE Vector Group","hd":false},{"ty":"gr","it":[{"ind":0,"ty":"sh","ix":1,"ks":{"a":0,"k":{"i":[[0,-3.17],[-3.17,0],[0,3.17],[3.17,0]],"o":[[0,3.17],[3.17,0],[0,-3.17],[-3.17,0]],"v":[[-5.74,0],[0,5.74],[5.74,0],[0,-5.74]],"c":true},"ix":2},"nm":"Path 1","mn":"ADBE Vector Shape - Group","hd":false},{"ty":"fl","c":{"a":0,"k":[0,0,0,1],"ix":4},"o":{"a":0,"k":100,"ix":5},"r":1,"bm":0,"nm":"Fill 1","mn":"ADBE Vector Graphic - Fill","hd":false},{"ty":"tr","p":{"a":0,"k":[199.779,140.934],"ix":2},"a":{"a":0,"k":[0,0],"ix":1},"s":{"a":0,"k":[100,100],"ix":3},"r":{"a":0,"k":0,"ix":6},"o":{"a":0,"k":100,"ix":7},"sk":{"a":0,"k":0,"ix":4},"sa":{"a":0,"k":0,"ix":5},"nm":"Transform"}],"nm":"Group 2","np":2,"cix":2,"bm":0,"ix":2,"mn":"ADBE Vector Group","hd":false},{"ty":"gr","it":[{"ind":0,"ty":"sh","ix":1,"ks":{"a":0,"k":{"i":[[0,-3.297],[-3.296,0],[0,3.297],[3.297,0]],"o":[[0,3.297],[3.297,0],[0,-3.297],[-3.296,0]],"v":[[-5.969,0],[0,5.969],[5.969,0],[0,-5.969]],"c":true},"ix":2},"nm":"Path 1","mn":"ADBE Vector Shape - Group","hd":false},{"ty":"fl","c":{"a":0,"k":[0,0,0,1],"ix":4},"o":{"a":0,"k":100,"ix":5},"r":1,"bm":0,"nm":"Fill 1","mn":"ADBE Vector Graphic - Fill","hd":false},{"ty":"tr","p":{"a":0,"k":[170.391,135.546],"ix":2},"a":{"a":0,"k":[0,0],"ix":1},"s":{"a":0,"k":[100,100],"ix":3},"r":{"a":0,"k":0,"ix":6},"o":{"a":0,"k":100,"ix":7},"sk":{"a":0,"k":0,"ix":4},"sa":{"a":0,"k":0,"ix":5},"nm":"Transform"}],"nm":"Group 3","np":2,"cix":2,"bm":0,"ix":3,"mn":"ADBE Vector Group","hd":false},{"ty":"gr","it":[{"ind":0,"ty":"sh","ix":1,"ks":{"a":0,"k":{"i":[[-16.447,-1.469],[0,0],[0,0]],"o":[[0,0],[0,0],[0,0]],"v":[[8.991,7.159],[6.508,-7.159],[-8.991,-4.284]],"c":true},"ix":2},"nm":"Path 1","mn":"ADBE Vector Shape - Group","hd":false},{"ty":"fl","c":{"a":0,"k":[1,1,1,1],"ix":4},"o":{"a":0,"k":100,"ix":5},"r":1,"bm":0,"nm":"Fill 1","mn":"ADBE Vector Graphic - Fill","hd":false},{"ty":"tr","p":{"a":0,"k":[238.958,80.961],"ix":2},"a":{"a":0,"k":[0,0],"ix":1},"s":{"a":0,"k":[100,100],"ix":3},"r":{"a":0,"k":0,"ix":6},"o":{"a":0,"k":100,"ix":7},"sk":{"a":0,"k":0,"ix":4},"sa":{"a":0,"k":0,"ix":5},"nm":"Transform"}],"nm":"Group 4","np":2,"cix":2,"bm":0,"ix":4,"mn":"ADBE Vector Group","hd":false},{"ty":"gr","it":[{"ind":0,"ty":"sh","ix":1,"ks":{"a":0,"k":{"i":[[15.707,21.624],[0,0],[0,0]],"o":[[0,0],[0,0],[0,0]],"v":[[-20.971,-7.332],[16.54,-14.292],[20.971,11.264]],"c":true},"ix":2},"nm":"Path 1","mn":"ADBE Vector Shape - Group","hd":false},{"ty":"fl","c":{"a":0,"k":[0,0,0,1],"ix":4},"o":{"a":0,"k":100,"ix":5},"r":1,"bm":0,"nm":"Fill 1","mn":"ADBE Vector Graphic - Fill","hd":false},{"ty":"tr","p":{"a":0,"k":[228.926,88.094],"ix":2},"a":{"a":0,"k":[0,0],"ix":1},"s":{"a":0,"k":[100,100],"ix":3},"r":{"a":0,"k":0,"ix":6},"o":{"a":0,"k":100,"ix":7},"sk":{"a":0,"k":0,"ix":4},"sa":{"a":0,"k":0,"ix":5},"nm":"Transform"}],"nm":"Group 5","np":2,"cix":2,"bm":0,"ix":5,"mn":"ADBE Vector Group","hd":false},{"ty":"gr","it":[{"ind":0,"ty":"sh","ix":1,"ks":{"a":0,"k":{"i":[[0,0],[0,0],[0.808,26.971],[0,0],[0,0]],"o":[[0,0],[26.97,-0.808],[0,0],[0,0],[0,0]],"v":[[-82.175,49.267],[36.795,45.705],[84.167,-4.592],[82.83,-49.267],[-84.976,-44.242]],"c":true},"ix":2},"nm":"Path 1","mn":"ADBE Vector Shape - Group","hd":false},{"ty":"fl","c":{"a":0,"k":[0.768627510819,0.701960784314,0.603921568627,1],"ix":4},"o":{"a":0,"k":100,"ix":5},"r":1,"bm":0,"nm":"Fill 1","mn":"ADBE Vector Graphic - Fill","hd":false},{"ty":"tr","p":{"a":0,"k":[149.785,161.963],"ix":2},"a":{"a":0,"k":[0,0],"ix":1},"s":{"a":0,"k":[100,100],"ix":3},"r":{"a":0,"k":0,"ix":6},"o":{"a":0,"k":100,"ix":7},"sk":{"a":0,"k":0,"ix":4},"sa":{"a":0,"k":0,"ix":5},"nm":"Transform"}],"nm":"Group 6","np":2,"cix":2,"bm":0,"ix":6,"mn":"ADBE Vector Group","hd":false},{"ty":"gr","it":[{"ind":0,"ty":"sh","ix":1,"ks":{"a":0,"k":{"i":[[0,0],[0,0],[4.922,26.53],[0,0],[0,0]],"o":[[0,0],[26.529,-4.922],[0,0],[0,0],[0,0]],"v":[[-81.089,62.99],[54.112,37.904],[93.234,-19.045],[85.081,-62.99],[-98.156,-28.99]],"c":true},"ix":2},"nm":"Path 1","mn":"ADBE Vector Shape - Group","hd":false},{"ty":"fl","c":{"a":0,"k":[0.768627510819,0.701960784314,0.603921568627,1],"ix":4},"o":{"a":0,"k":100,"ix":5},"r":1,"bm":0,"nm":"Fill 1","mn":"ADBE Vector Graphic - Fill","hd":false},{"ty":"tr","p":{"a":0,"k":[160.093,136.889],"ix":2},"a":{"a":0,"k":[0,0],"ix":1},"s":{"a":0,"k":[100,100],"ix":3},"r":{"a":0,"k":0,"ix":6},"o":{"a":0,"k":100,"ix":7},"sk":{"a":0,"k":0,"ix":4},"sa":{"a":0,"k":0,"ix":5},"nm":"Transform"}],"nm":"Group 7","np":2,"cix":2,"bm":0,"ix":7,"mn":"ADBE Vector Group","hd":false},{"ty":"gr","it":[{"ind":0,"ty":"sh","ix":1,"ks":{"a":0,"k":{"i":[[-34.038,5.477],[0,0],[5.477,34.038],[0,0],[34.038,-5.477],[0,0],[-5.477,-34.038],[0,0]],"o":[[0,0],[34.038,-5.477],[0,0],[-5.477,-34.038],[0,0],[-34.038,5.476],[0,0],[5.477,34.038]],"v":[[5.921,105.741],[27.546,102.262],[79.261,30.714],[65.626,-54.026],[-5.922,-105.741],[-27.547,-102.261],[-79.261,-30.714],[-65.627,54.026]],"c":true},"ix":2},"nm":"Path 1","mn":"ADBE Vector Shape - Group","hd":false},{"ty":"fl","c":{"a":0,"k":[0.768627510819,0.701960784314,0.603921568627,1],"ix":4},"o":{"a":0,"k":100,"ix":5},"r":1,"bm":0,"nm":"Fill 1","mn":"ADBE Vector Graphic - Fill","hd":false},{"ty":"tr","p":{"a":0,"k":[84.988,111.468],"ix":2},"a":{"a":0,"k":[0,0],"ix":1},"s":{"a":0,"k":[100,100],"ix":3},"r":{"a":0,"k":0,"ix":6},"o":{"a":0,"k":100,"ix":7},"sk":{"a":0,"k":0,"ix":4},"sa":{"a":0,"k":0,"ix":5},"nm":"Transform"}],"nm":"Group 8","np":2,"cix":2,"bm":0,"ix":8,"mn":"ADBE Vector Group","hd":false}],"ip":0,"op":600.000024438501,"st":0,"ct":1,"bm":0},{"ddd":0,"ind":7,"ty":4,"nm":"batch Outlines","parent":8,"sr":1,"ks":{"o":{"a":0,"k":100,"ix":11},"r":{"a":1,"k":[{"i":{"x":[0.833],"y":[0.833]},"o":{"x":[0.167],"y":[0.167]},"t":0,"s":[0]},{"i":{"x":[0.833],"y":[0.833]},"o":{"x":[0.167],"y":[0.167]},"t":4.995,"s":[-27]},{"i":{"x":[0.833],"y":[0.833]},"o":{"x":[0.167],"y":[0.167]},"t":9.99,"s":[0]},{"i":{"x":[0.833],"y":[0.833]},"o":{"x":[0.167],"y":[0.167]},"t":14.985,"s":[-27]},{"i":{"x":[0.833],"y":[0.833]},"o":{"x":[0.167],"y":[0.167]},"t":19.98,"s":[0]},{"i":{"x":[0.833],"y":[0.833]},"o":{"x":[0.167],"y":[0.167]},"t":24.975,"s":[-27]},{"i":{"x":[0.833],"y":[0.833]},"o":{"x":[0.167],"y":[0.167]},"t":29.97,"s":[0]},{"i":{"x":[0.833],"y":[0.833]},"o":{"x":[0.167],"y":[0.167]},"t":34.965,"s":[-27]},{"i":{"x":[0.833],"y":[0.833]},"o":{"x":[0.167],"y":[0.167]},"t":39.96,"s":[0]},{"i":{"x":[0.833],"y":[0.833]},"o":{"x":[0.167],"y":[0.167]},"t":44.955,"s":[-27]},{"i":{"x":[0.833],"y":[0.833]},"o":{"x":[0.167],"y":[0.167]},"t":49.95,"s":[0]},{"i":{"x":[0.833],"y":[0.833]},"o":{"x":[0.167],"y":[0.167]},"t":54.945,"s":[-27]},{"i":{"x":[0.833],"y":[0.833]},"o":{"x":[0.167],"y":[0.167]},"t":59.94,"s":[0]},{"i":{"x":[0.833],"y":[0.833]},"o":{"x":[0.167],"y":[0.167]},"t":64.935,"s":[-27]},{"i":{"x":[0.833],"y":[0.833]},"o":{"x":[0.167],"y":[0.167]},"t":69.93,"s":[0]},{"i":{"x":[0.833],"y":[0.833]},"o":{"x":[0.167],"y":[0.167]},"t":74.925,"s":[-27]},{"t":79.9200032552083,"s":[-2]}],"ix":10},"p":{"a":0,"k":[73.475,18.111,0],"ix":2,"l":2},"a":{"a":0,"k":[20.847,5.346,0],"ix":1,"l":2},"s":{"a":0,"k":[100,100,100],"ix":6,"l":2}},"ao":0,"shapes":[{"ty":"gr","it":[{"ind":0,"ty":"sh","ix":1,"ks":{"a":0,"k":{"i":[[0,0],[0,0],[0,0],[0,0]],"o":[[0,0],[0,0],[0,0],[0,0]],"v":[[-8.654,9.195],[0.013,12.627],[8.654,-9.195],[-0.014,-12.627]],"c":true},"ix":2},"nm":"Path 1","mn":"ADBE Vector Shape - Group","hd":false},{"ty":"fl","c":{"a":0,"k":[0.866666726505,0.576470588235,0,1],"ix":4},"o":{"a":0,"k":100,"ix":5},"r":1,"bm":0,"nm":"Fill 1","mn":"ADBE Vector Graphic - Fill","hd":false},{"ty":"tr","p":{"a":0,"k":[32.733,30.98],"ix":2},"a":{"a":0,"k":[0,0],"ix":1},"s":{"a":0,"k":[100,100],"ix":3},"r":{"a":0,"k":0,"ix":6},"o":{"a":0,"k":100,"ix":7},"sk":{"a":0,"k":0,"ix":4},"sa":{"a":0,"k":0,"ix":5},"nm":"Transform"}],"nm":"Group 1","np":2,"cix":2,"bm":0,"ix":1,"mn":"ADBE Vector Group","hd":false},{"ty":"gr","it":[{"ind":0,"ty":"sh","ix":1,"ks":{"a":0,"k":{"i":[[1.462,-2.687],[-2.688,-1.462],[-1.462,2.688],[2.687,1.462]],"o":[[-1.462,2.687],[2.687,1.462],[1.461,-2.687],[-2.687,-1.462]],"v":[[-4.865,-2.647],[-2.646,4.866],[4.867,2.647],[2.647,-4.866]],"c":true},"ix":2},"nm":"Path 1","mn":"ADBE Vector Shape - Group","hd":false},{"ty":"fl","c":{"a":0,"k":[0.866666726505,0.576470588235,0,1],"ix":4},"o":{"a":0,"k":100,"ix":5},"r":1,"bm":0,"nm":"Fill 1","mn":"ADBE Vector Graphic - Fill","hd":false},{"ty":"tr","p":{"a":0,"k":[32.353,44.919],"ix":2},"a":{"a":0,"k":[0,0],"ix":1},"s":{"a":0,"k":[100,100],"ix":3},"r":{"a":0,"k":0,"ix":6},"o":{"a":0,"k":100,"ix":7},"sk":{"a":0,"k":0,"ix":4},"sa":{"a":0,"k":0,"ix":5},"nm":"Transform"}],"nm":"Group 2","np":2,"cix":2,"bm":0,"ix":2,"mn":"ADBE Vector Group","hd":false},{"ty":"gr","it":[{"ind":0,"ty":"sh","ix":1,"ks":{"a":0,"k":{"i":[[1.462,-2.687],[-2.688,-1.462],[-1.462,2.688],[2.687,1.462]],"o":[[-1.462,2.687],[2.687,1.462],[1.462,-2.687],[-2.687,-1.462]],"v":[[-4.866,-2.647],[-2.647,4.866],[4.866,2.647],[2.647,-4.866]],"c":true},"ix":2},"nm":"Path 1","mn":"ADBE Vector Shape - Group","hd":false},{"ty":"fl","c":{"a":0,"k":[0.866666726505,0.576470588235,0,1],"ix":4},"o":{"a":0,"k":100,"ix":5},"r":1,"bm":0,"nm":"Fill 1","mn":"ADBE Vector Graphic - Fill","hd":false},{"ty":"tr","p":{"a":0,"k":[23.374,41.196],"ix":2},"a":{"a":0,"k":[0,0],"ix":1},"s":{"a":0,"k":[100,100],"ix":3},"r":{"a":0,"k":0,"ix":6},"o":{"a":0,"k":100,"ix":7},"sk":{"a":0,"k":0,"ix":4},"sa":{"a":0,"k":0,"ix":5},"nm":"Transform"}],"nm":"Group 3","np":2,"cix":2,"bm":0,"ix":3,"mn":"ADBE Vector Group","hd":false},{"ty":"gr","it":[{"ind":0,"ty":"sh","ix":1,"ks":{"a":0,"k":{"i":[[1.462,-2.687],[-2.688,-1.462],[-1.462,2.688],[2.687,1.462]],"o":[[-1.462,2.687],[2.687,1.462],[1.461,-2.687],[-2.687,-1.462]],"v":[[-4.865,-2.647],[-2.646,4.866],[4.867,2.647],[2.647,-4.866]],"c":true},"ix":2},"nm":"Path 1","mn":"ADBE Vector Shape - Group","hd":false},{"ty":"fl","c":{"a":0,"k":[0.866666726505,0.576470588235,0,1],"ix":4},"o":{"a":0,"k":100,"ix":5},"r":1,"bm":0,"nm":"Fill 1","mn":"ADBE Vector Graphic - Fill","hd":false},{"ty":"tr","p":{"a":0,"k":[42.71,19.947],"ix":2},"a":{"a":0,"k":[0,0],"ix":1},"s":{"a":0,"k":[100,100],"ix":3},"r":{"a":0,"k":0,"ix":6},"o":{"a":0,"k":100,"ix":7},"sk":{"a":0,"k":0,"ix":4},"sa":{"a":0,"k":0,"ix":5},"nm":"Transform"}],"nm":"Group 4","np":2,"cix":2,"bm":0,"ix":4,"mn":"ADBE Vector Group","hd":false},{"ty":"gr","it":[{"ind":0,"ty":"sh","ix":1,"ks":{"a":0,"k":{"i":[[1.462,-2.687],[-2.688,-1.462],[-1.462,2.688],[2.687,1.462]],"o":[[-1.462,2.687],[2.687,1.462],[1.462,-2.687],[-2.687,-1.462]],"v":[[-4.866,-2.647],[-2.647,4.866],[4.866,2.647],[2.647,-4.866]],"c":true},"ix":2},"nm":"Path 1","mn":"ADBE Vector Shape - Group","hd":false},{"ty":"fl","c":{"a":0,"k":[0.866666726505,0.576470588235,0,1],"ix":4},"o":{"a":0,"k":100,"ix":5},"r":1,"bm":0,"nm":"Fill 1","mn":"ADBE Vector Graphic - Fill","hd":false},{"ty":"tr","p":{"a":0,"k":[33.73,16.224],"ix":2},"a":{"a":0,"k":[0,0],"ix":1},"s":{"a":0,"k":[100,100],"ix":3},"r":{"a":0,"k":0,"ix":6},"o":{"a":0,"k":100,"ix":7},"sk":{"a":0,"k":0,"ix":4},"sa":{"a":0,"k":0,"ix":5},"nm":"Transform"}],"nm":"Group 5","np":2,"cix":2,"bm":0,"ix":5,"mn":"ADBE Vector Group","hd":false},{"ty":"gr","it":[{"ind":0,"ty":"sh","ix":1,"ks":{"a":0,"k":{"i":[[0,0],[0,0],[0,0],[0,0]],"o":[[0,0],[0,0],[0,0],[0,0]],"v":[[-32.096,14.022],[14.022,32.096],[32.096,-14.022],[-14.023,-32.096]],"c":true},"ix":2},"nm":"Path 1","mn":"ADBE Vector Shape - Group","hd":false},{"ty":"fl","c":{"a":0,"k":[0.980392216701,0.811764765721,0.125490196078,1],"ix":4},"o":{"a":0,"k":100,"ix":5},"r":1,"bm":0,"nm":"Fill 1","mn":"ADBE Vector Graphic - Fill","hd":false},{"ty":"tr","p":{"a":0,"k":[32.347,32.346],"ix":2},"a":{"a":0,"k":[0,0],"ix":1},"s":{"a":0,"k":[100,100],"ix":3},"r":{"a":0,"k":0,"ix":6},"o":{"a":0,"k":100,"ix":7},"sk":{"a":0,"k":0,"ix":4},"sa":{"a":0,"k":0,"ix":5},"nm":"Transform"}],"nm":"Group 6","np":2,"cix":2,"bm":0,"ix":6,"mn":"ADBE Vector Group","hd":false}],"ip":0,"op":600.000024438501,"st":0,"ct":1,"bm":0},{"ddd":0,"ind":8,"ty":4,"nm":"collar Outlines","parent":9,"sr":1,"ks":{"o":{"a":0,"k":100,"ix":11},"r":{"a":0,"k":0,"ix":10},"p":{"a":0,"k":[30.916,75.448,0],"ix":2,"l":2},"a":{"a":0,"k":[42.713,18.685,0],"ix":1,"l":2},"s":{"a":0,"k":[100,100,100],"ix":6,"l":2}},"ao":0,"shapes":[{"ty":"gr","it":[{"ind":0,"ty":"sh","ix":1,"ks":{"a":0,"k":{"i":[[0,0],[0,0],[0,0],[0,0]],"o":[[0,0],[0,0],[0,0],[0,0]],"v":[[-39.359,18.434],[42.464,9.264],[39.359,-18.434],[-42.464,-9.264]],"c":true},"ix":2},"nm":"Path 1","mn":"ADBE Vector Shape - Group","hd":false},{"ty":"fl","c":{"a":0,"k":[1,0.894117706897,0.482352971096,1],"ix":4},"o":{"a":0,"k":100,"ix":5},"r":1,"bm":0,"nm":"Fill 1","mn":"ADBE Vector Graphic - Fill","hd":false},{"ty":"tr","p":{"a":0,"k":[42.714,18.685],"ix":2},"a":{"a":0,"k":[0,0],"ix":1},"s":{"a":0,"k":[100,100],"ix":3},"r":{"a":0,"k":0,"ix":6},"o":{"a":0,"k":100,"ix":7},"sk":{"a":0,"k":0,"ix":4},"sa":{"a":0,"k":0,"ix":5},"nm":"Transform"}],"nm":"Group 1","np":2,"cix":2,"bm":0,"ix":1,"mn":"ADBE Vector Group","hd":false}],"ip":0,"op":600.000024438501,"st":0,"ct":1,"bm":0},{"ddd":0,"ind":9,"ty":4,"nm":"neck Outlines","parent":15,"sr":1,"ks":{"o":{"a":0,"k":100,"ix":11},"r":{"a":1,"k":[{"i":{"x":[0.833],"y":[0.833]},"o":{"x":[0.167],"y":[0.167]},"t":0,"s":[0]},{"i":{"x":[0.833],"y":[0.833]},"o":{"x":[0.167],"y":[0.167]},"t":1.998,"s":[-3]},{"i":{"x":[0.833],"y":[0.833]},"o":{"x":[0.167],"y":[0.167]},"t":4.995,"s":[0]},{"i":{"x":[0.833],"y":[0.833]},"o":{"x":[0.167],"y":[0.167]},"t":6.993,"s":[3]},{"i":{"x":[0.833],"y":[0.833]},"o":{"x":[0.167],"y":[0.167]},"t":9.99,"s":[0]},{"i":{"x":[0.833],"y":[0.833]},"o":{"x":[0.167],"y":[0.167]},"t":11.988,"s":[-3]},{"i":{"x":[0.833],"y":[0.833]},"o":{"x":[0.167],"y":[0.167]},"t":13.986,"s":[0]},{"i":{"x":[0.833],"y":[0.833]},"o":{"x":[0.167],"y":[0.167]},"t":15.984,"s":[3]},{"i":{"x":[0.833],"y":[0.833]},"o":{"x":[0.167],"y":[0.167]},"t":19.98,"s":[0]},{"i":{"x":[0.833],"y":[0.833]},"o":{"x":[0.167],"y":[0.167]},"t":21.978,"s":[-3]},{"i":{"x":[0.833],"y":[0.833]},"o":{"x":[0.167],"y":[0.167]},"t":24.975,"s":[0]},{"i":{"x":[0.833],"y":[0.833]},"o":{"x":[0.167],"y":[0.167]},"t":26.973,"s":[3]},{"i":{"x":[0.833],"y":[0.833]},"o":{"x":[0.167],"y":[0.167]},"t":29.97,"s":[0]},{"i":{"x":[0.833],"y":[0.833]},"o":{"x":[0.167],"y":[0.167]},"t":31.968,"s":[-3]},{"i":{"x":[0.833],"y":[0.833]},"o":{"x":[0.167],"y":[0.167]},"t":33.966,"s":[0]},{"i":{"x":[0.833],"y":[0.833]},"o":{"x":[0.167],"y":[0.167]},"t":35.964,"s":[3]},{"i":{"x":[0.833],"y":[0.833]},"o":{"x":[0.167],"y":[0.167]},"t":39.96,"s":[0]},{"i":{"x":[0.833],"y":[0.833]},"o":{"x":[0.167],"y":[0.167]},"t":41.958,"s":[-3]},{"i":{"x":[0.833],"y":[0.833]},"o":{"x":[0.167],"y":[0.167]},"t":44.955,"s":[0]},{"i":{"x":[0.833],"y":[0.833]},"o":{"x":[0.167],"y":[0.167]},"t":46.953,"s":[3]},{"i":{"x":[0.833],"y":[0.833]},"o":{"x":[0.167],"y":[0.167]},"t":49.95,"s":[0]},{"i":{"x":[0.833],"y":[0.833]},"o":{"x":[0.167],"y":[0.167]},"t":51.948,"s":[-3]},{"i":{"x":[0.833],"y":[0.833]},"o":{"x":[0.167],"y":[0.167]},"t":53.946,"s":[0]},{"i":{"x":[0.833],"y":[0.833]},"o":{"x":[0.167],"y":[0.167]},"t":55.944,"s":[3]},{"i":{"x":[0.833],"y":[0.833]},"o":{"x":[0.167],"y":[0.167]},"t":59.94,"s":[0]},{"i":{"x":[0.833],"y":[0.833]},"o":{"x":[0.167],"y":[0.167]},"t":61.938,"s":[-3]},{"i":{"x":[0.833],"y":[0.833]},"o":{"x":[0.167],"y":[0.167]},"t":64.935,"s":[0]},{"i":{"x":[0.833],"y":[0.833]},"o":{"x":[0.167],"y":[0.167]},"t":66.933,"s":[3]},{"i":{"x":[0.833],"y":[0.833]},"o":{"x":[0.167],"y":[0.167]},"t":69.93,"s":[0]},{"i":{"x":[0.833],"y":[0.833]},"o":{"x":[0.167],"y":[0.167]},"t":71.928,"s":[-3]},{"i":{"x":[0.833],"y":[0.833]},"o":{"x":[0.167],"y":[0.167]},"t":73.926,"s":[0]},{"i":{"x":[0.833],"y":[0.833]},"o":{"x":[0.167],"y":[0.167]},"t":75.924,"s":[3]},{"t":79.9200032552083,"s":[0]}],"ix":10},"p":{"a":0,"k":[287.566,9.266,0],"ix":2,"l":2},"a":{"a":0,"k":[29.991,81.616,0],"ix":1,"l":2},"s":{"a":0,"k":[100,100,100],"ix":6,"l":2}},"ao":0,"shapes":[{"ty":"gr","it":[{"ind":0,"ty":"sh","ix":1,"ks":{"a":0,"k":{"i":[[0,0],[0,0],[0,0],[0,0]],"o":[[0,0],[0,0],[0,0],[0,0]],"v":[[-17.143,51.019],[27.956,45.992],[17.144,-51.019],[-27.956,-45.993]],"c":true},"ix":2},"nm":"Path 1","mn":"ADBE Vector Shape - Group","hd":false},{"ty":"fl","c":{"a":0,"k":[0.768627510819,0.701960784314,0.603921568627,1],"ix":4},"o":{"a":0,"k":100,"ix":5},"r":1,"bm":0,"nm":"Fill 1","mn":"ADBE Vector Graphic - Fill","hd":false},{"ty":"tr","p":{"a":0,"k":[28.206,51.269],"ix":2},"a":{"a":0,"k":[0,0],"ix":1},"s":{"a":0,"k":[100,100],"ix":3},"r":{"a":0,"k":0,"ix":6},"o":{"a":0,"k":100,"ix":7},"sk":{"a":0,"k":0,"ix":4},"sa":{"a":0,"k":0,"ix":5},"nm":"Transform"}],"nm":"Group 1","np":2,"cix":2,"bm":0,"ix":1,"mn":"ADBE Vector Group","hd":false}],"ip":0,"op":600.000024438501,"st":0,"ct":1,"bm":0},{"ddd":0,"ind":10,"ty":4,"nm":"right  eye Outlines 2","parent":6,"td":1,"sr":1,"ks":{"o":{"a":0,"k":100,"ix":11},"r":{"a":0,"k":0,"ix":10},"p":{"a":0,"k":[160.023,73.342,0],"ix":2,"l":2},"a":{"a":0,"k":[22.475,22.474,0],"ix":1,"l":2},"s":{"a":0,"k":[100,100,100],"ix":6,"l":2}},"ao":0,"shapes":[{"ty":"gr","it":[{"ind":0,"ty":"sh","ix":1,"ks":{"a":0,"k":{"i":[[0,-3.678],[-2.577,0],[0,3.678],[2.577,0]],"o":[[0,3.678],[2.577,0],[0,-3.678],[-2.577,0]],"v":[[-4.666,0],[0,6.66],[4.666,0],[0,-6.66]],"c":true},"ix":2},"nm":"Path 1","mn":"ADBE Vector Shape - Group","hd":false},{"ty":"fl","c":{"a":0,"k":[1,1,1,1],"ix":4},"o":{"a":0,"k":100,"ix":5},"r":1,"bm":0,"nm":"Fill 1","mn":"ADBE Vector Graphic - Fill","hd":false},{"ty":"tr","p":{"a":0,"k":[37.719,20.581],"ix":2},"a":{"a":0,"k":[0,0],"ix":1},"s":{"a":0,"k":[100,100],"ix":3},"r":{"a":0,"k":0,"ix":6},"o":{"a":0,"k":100,"ix":7},"sk":{"a":0,"k":0,"ix":4},"sa":{"a":0,"k":0,"ix":5},"nm":"Transform"}],"nm":"Group 1","np":2,"cix":2,"bm":0,"ix":1,"mn":"ADBE Vector Group","hd":false},{"ty":"gr","it":[{"ind":0,"ty":"sh","ix":1,"ks":{"a":0,"k":{"i":[[0,-7.322],[-7.322,0],[0,7.322],[7.323,0]],"o":[[0,7.322],[7.323,0],[0,-7.322],[-7.322,0]],"v":[[-13.258,0],[0,13.258],[13.258,0],[0,-13.258]],"c":true},"ix":2},"nm":"Path 1","mn":"ADBE Vector Shape - Group","hd":false},{"ty":"fl","c":{"a":0,"k":[0.678431372549,0.294117647059,0.113725497676,1],"ix":4},"o":{"a":0,"k":100,"ix":5},"r":1,"bm":0,"nm":"Fill 1","mn":"ADBE Vector Graphic - Fill","hd":false},{"ty":"tr","p":{"a":0,"k":[30.046,21.212],"ix":2},"a":{"a":0,"k":[0,0],"ix":1},"s":{"a":0,"k":[100,100],"ix":3},"r":{"a":0,"k":0,"ix":6},"o":{"a":0,"k":100,"ix":7},"sk":{"a":0,"k":0,"ix":4},"sa":{"a":0,"k":0,"ix":5},"nm":"Transform"}],"nm":"Group 2","np":2,"cix":2,"bm":0,"ix":2,"mn":"ADBE Vector Group","hd":false},{"ty":"gr","it":[{"ind":0,"ty":"sh","ix":1,"ks":{"a":0,"k":{"i":[[0,-12.274],[-12.274,0],[0,12.274],[12.275,0]],"o":[[0,12.274],[12.275,0],[0,-12.274],[-12.274,0]],"v":[[-22.224,0],[0,22.224],[22.224,0],[0,-22.224]],"c":true},"ix":2},"nm":"Path 1","mn":"ADBE Vector Shape - Group","hd":false},{"ty":"fl","c":{"a":0,"k":[0.937254961799,0.937254961799,0.937254961799,1],"ix":4},"o":{"a":0,"k":100,"ix":5},"r":1,"bm":0,"nm":"Fill 1","mn":"ADBE Vector Graphic - Fill","hd":false},{"ty":"tr","p":{"a":0,"k":[22.474,22.474],"ix":2},"a":{"a":0,"k":[0,0],"ix":1},"s":{"a":0,"k":[100,100],"ix":3},"r":{"a":0,"k":0,"ix":6},"o":{"a":0,"k":100,"ix":7},"sk":{"a":0,"k":0,"ix":4},"sa":{"a":0,"k":0,"ix":5},"nm":"Transform"}],"nm":"Group 3","np":2,"cix":2,"bm":0,"ix":3,"mn":"ADBE Vector Group","hd":false}],"ip":0,"op":600.000024438501,"st":0,"ct":1,"bm":0},{"ddd":0,"ind":11,"ty":4,"nm":"Shape Layer 2","parent":12,"tt":1,"sr":1,"ks":{"o":{"a":0,"k":100,"ix":11},"r":{"a":0,"k":0,"ix":10},"p":{"a":0,"k":[31.532,-9.729,0],"ix":2,"l":2},"a":{"a":0,"k":[95.509,-148.773,0],"ix":1,"l":2},"s":{"a":0,"k":[100,100,100],"ix":6,"l":2}},"ao":0,"shapes":[{"ty":"gr","it":[{"ind":0,"ty":"sh","ix":1,"ks":{"a":1,"k":[{"i":{"x":0.833,"y":0.833},"o":{"x":0.167,"y":0.167},"t":17,"s":[{"i":[[58,-10.5],[-30.409,100.452],[0,0]],"o":[[-58,10.5],[20.231,-72.784],[0,0]],"v":[[94.5,-180.5],[56,-116],[136,-119]],"c":true}]},{"i":{"x":0.833,"y":0.833},"o":{"x":0.167,"y":0.167},"t":21,"s":[{"i":[[58,-10.5],[-30.409,100.452],[0,0]],"o":[[-58,10.5],[30.343,82.099],[0,0]],"v":[[94.5,-180.5],[56,-116],[136,-119]],"c":true}]},{"i":{"x":0.833,"y":0.833},"o":{"x":0.167,"y":0.167},"t":25,"s":[{"i":[[58,-10.5],[-30.409,100.452],[0,0]],"o":[[-58,10.5],[20.231,-72.784],[0,0]],"v":[[94.5,-180.5],[56,-116],[136,-119]],"c":true}]},{"i":{"x":0.833,"y":0.833},"o":{"x":0.167,"y":0.167},"t":59,"s":[{"i":[[58,-10.5],[-30.409,100.452],[0,0]],"o":[[-58,10.5],[20.231,-72.784],[0,0]],"v":[[94.5,-180.5],[56,-116],[136,-119]],"c":true}]},{"i":{"x":0.833,"y":0.833},"o":{"x":0.167,"y":0.167},"t":63,"s":[{"i":[[58,-10.5],[-30.409,100.452],[0,0]],"o":[[-58,10.5],[30.343,82.099],[0,0]],"v":[[94.5,-180.5],[56,-116],[136,-119]],"c":true}]},{"t":67.0000027289659,"s":[{"i":[[58,-10.5],[-30.409,100.452],[0,0]],"o":[[-58,10.5],[20.231,-72.784],[0,0]],"v":[[94.5,-180.5],[56,-116],[136,-119]],"c":true}]}],"ix":2},"nm":"Path 1","mn":"ADBE Vector Shape - Group","hd":false},{"ty":"fl","c":{"a":0,"k":[0.780392156863,0.65615605373,0.443752393536,1],"ix":4},"o":{"a":0,"k":100,"ix":5},"r":1,"bm":0,"nm":"Fill 1","mn":"ADBE Vector Graphic - Fill","hd":false},{"ty":"tr","p":{"a":0,"k":[0,0],"ix":2},"a":{"a":0,"k":[0,0],"ix":1},"s":{"a":0,"k":[100,100],"ix":3},"r":{"a":0,"k":0,"ix":6},"o":{"a":0,"k":100,"ix":7},"sk":{"a":0,"k":0,"ix":4},"sa":{"a":0,"k":0,"ix":5},"nm":"Transform"}],"nm":"Shape 1","np":3,"cix":2,"bm":0,"ix":1,"mn":"ADBE Vector Group","hd":false}],"ip":0,"op":600.000024438501,"st":0,"ct":1,"bm":0},{"ddd":0,"ind":12,"ty":4,"nm":"right  eye Outlines","parent":6,"sr":1,"ks":{"o":{"a":0,"k":100,"ix":11},"r":{"a":0,"k":0,"ix":10},"p":{"a":0,"k":[160.023,73.342,0],"ix":2,"l":2},"a":{"a":0,"k":[22.475,22.474,0],"ix":1,"l":2},"s":{"a":0,"k":[100,100,100],"ix":6,"l":2}},"ao":0,"shapes":[{"ty":"gr","it":[{"ind":0,"ty":"sh","ix":1,"ks":{"a":0,"k":{"i":[[0,-3.678],[-2.577,0],[0,3.678],[2.577,0]],"o":[[0,3.678],[2.577,0],[0,-3.678],[-2.577,0]],"v":[[-4.666,0],[0,6.66],[4.666,0],[0,-6.66]],"c":true},"ix":2},"nm":"Path 1","mn":"ADBE Vector Shape - Group","hd":false},{"ty":"fl","c":{"a":0,"k":[1,1,1,1],"ix":4},"o":{"a":0,"k":100,"ix":5},"r":1,"bm":0,"nm":"Fill 1","mn":"ADBE Vector Graphic - Fill","hd":false},{"ty":"tr","p":{"a":0,"k":[37.719,20.581],"ix":2},"a":{"a":0,"k":[0,0],"ix":1},"s":{"a":0,"k":[100,100],"ix":3},"r":{"a":0,"k":0,"ix":6},"o":{"a":0,"k":100,"ix":7},"sk":{"a":0,"k":0,"ix":4},"sa":{"a":0,"k":0,"ix":5},"nm":"Transform"}],"nm":"Group 1","np":2,"cix":2,"bm":0,"ix":1,"mn":"ADBE Vector Group","hd":false},{"ty":"gr","it":[{"ind":0,"ty":"sh","ix":1,"ks":{"a":0,"k":{"i":[[0,-7.322],[-7.322,0],[0,7.322],[7.323,0]],"o":[[0,7.322],[7.323,0],[0,-7.322],[-7.322,0]],"v":[[-13.258,0],[0,13.258],[13.258,0],[0,-13.258]],"c":true},"ix":2},"nm":"Path 1","mn":"ADBE Vector Shape - Group","hd":false},{"ty":"fl","c":{"a":0,"k":[0.678431372549,0.294117647059,0.113725497676,1],"ix":4},"o":{"a":0,"k":100,"ix":5},"r":1,"bm":0,"nm":"Fill 1","mn":"ADBE Vector Graphic - Fill","hd":false},{"ty":"tr","p":{"a":0,"k":[30.046,21.212],"ix":2},"a":{"a":0,"k":[0,0],"ix":1},"s":{"a":0,"k":[100,100],"ix":3},"r":{"a":0,"k":0,"ix":6},"o":{"a":0,"k":100,"ix":7},"sk":{"a":0,"k":0,"ix":4},"sa":{"a":0,"k":0,"ix":5},"nm":"Transform"}],"nm":"Group 2","np":2,"cix":2,"bm":0,"ix":2,"mn":"ADBE Vector Group","hd":false},{"ty":"gr","it":[{"ind":0,"ty":"sh","ix":1,"ks":{"a":0,"k":{"i":[[0,-12.274],[-12.274,0],[0,12.274],[12.275,0]],"o":[[0,12.274],[12.275,0],[0,-12.274],[-12.274,0]],"v":[[-22.224,0],[0,22.224],[22.224,0],[0,-22.224]],"c":true},"ix":2},"nm":"Path 1","mn":"ADBE Vector Shape - Group","hd":false},{"ty":"fl","c":{"a":0,"k":[0.937254961799,0.937254961799,0.937254961799,1],"ix":4},"o":{"a":0,"k":100,"ix":5},"r":1,"bm":0,"nm":"Fill 1","mn":"ADBE Vector Graphic - Fill","hd":false},{"ty":"tr","p":{"a":0,"k":[22.474,22.474],"ix":2},"a":{"a":0,"k":[0,0],"ix":1},"s":{"a":0,"k":[100,100],"ix":3},"r":{"a":0,"k":0,"ix":6},"o":{"a":0,"k":100,"ix":7},"sk":{"a":0,"k":0,"ix":4},"sa":{"a":0,"k":0,"ix":5},"nm":"Transform"}],"nm":"Group 3","np":2,"cix":2,"bm":0,"ix":3,"mn":"ADBE Vector Group","hd":false}],"ip":0,"op":600.000024438501,"st":0,"ct":1,"bm":0},{"ddd":0,"ind":13,"ty":4,"nm":"back right Outlines","parent":15,"sr":1,"ks":{"o":{"a":0,"k":100,"ix":11},"r":{"a":0,"k":0,"ix":10},"p":{"a":0,"k":[69.53,99.004,0],"ix":2,"l":2},"a":{"a":0,"k":[92.5,92.5,0],"ix":1,"l":2},"s":{"a":0,"k":[100,100,100],"ix":6,"l":2}},"ao":0,"shapes":[{"ty":"gr","it":[{"ind":0,"ty":"sh","ix":1,"ks":{"a":1,"k":[{"i":{"x":0.833,"y":0.833},"o":{"x":0.167,"y":0.167},"t":0,"s":[{"i":[[0,0],[-16.374,2.1]],"o":[[0,0],[0,0]],"v":[[-30.5,-46.55],[30.5,44.45]],"c":false}]},{"i":{"x":0.833,"y":0.833},"o":{"x":0.167,"y":0.167},"t":4.995,"s":[{"i":[[0,0],[-1.25,-9.5]],"o":[[0,0],[0,0]],"v":[[-30.5,-46.55],[-15.25,45.45]],"c":false}]},{"i":{"x":0.833,"y":0.833},"o":{"x":0.167,"y":0.167},"t":6.993,"s":[{"i":[[0,0],[25.75,-27.5]],"o":[[0,0],[0,0]],"v":[[-30.5,-46.55],[-34.25,42.95]],"c":false}]},{"i":{"x":0.833,"y":0.833},"o":{"x":0.167,"y":0.167},"t":7.993,"s":[{"i":[[0,0],[37.75,-22]],"o":[[0,0],[0,0]],"v":[[-30.5,-46.55],[-44.25,33.95]],"c":false}]},{"i":{"x":0.833,"y":0.833},"o":{"x":0.167,"y":0.167},"t":8.991,"s":[{"i":[[0,0],[42.75,-19]],"o":[[0,0],[0,0]],"v":[[-30.5,-46.55],[-53.75,40.95]],"c":false}]},{"i":{"x":0.833,"y":0.833},"o":{"x":0.167,"y":0.167},"t":9.99,"s":[{"i":[[0,0],[56.25,7]],"o":[[0,0],[0,0]],"v":[[-30.5,-46.55],[-73.75,39.45]],"c":false}]},{"i":{"x":0.833,"y":0.833},"o":{"x":0.167,"y":0.167},"t":11.988,"s":[{"i":[[0,0],[66.75,-8]],"o":[[0,0],[0,0]],"v":[[-30.5,-46.55],[-43.75,34.95]],"c":false}]},{"i":{"x":0.833,"y":0.833},"o":{"x":0.167,"y":0.167},"t":13.986,"s":[{"i":[[0,0],[51.5,-18]],"o":[[0,0],[0,0]],"v":[[-30.5,-46.55],[-11,26.7]],"c":false}]},{"i":{"x":0.833,"y":0.833},"o":{"x":0.167,"y":0.167},"t":15.984,"s":[{"i":[[0,0],[29,-34.25]],"o":[[0,0],[0,0]],"v":[[-30.5,-46.55],[7,29.7]],"c":false}]},{"i":{"x":0.833,"y":0.833},"o":{"x":0.167,"y":0.167},"t":17.983,"s":[{"i":[[0,0],[-25,-32.75]],"o":[[0,0],[0,0]],"v":[[-30.5,-46.55],[28,35.7]],"c":false}]},{"i":{"x":0.833,"y":0.833},"o":{"x":0.167,"y":0.167},"t":19.98,"s":[{"i":[[0,0],[-16.374,2.1]],"o":[[0,0],[0,0]],"v":[[-30.5,-46.55],[30.5,44.45]],"c":false}]},{"i":{"x":0.833,"y":0.833},"o":{"x":0.167,"y":0.167},"t":24.975,"s":[{"i":[[0,0],[-1.25,-9.5]],"o":[[0,0],[0,0]],"v":[[-30.5,-46.55],[-15.25,45.45]],"c":false}]},{"i":{"x":0.833,"y":0.833},"o":{"x":0.167,"y":0.167},"t":26.973,"s":[{"i":[[0,0],[25.75,-27.5]],"o":[[0,0],[0,0]],"v":[[-30.5,-46.55],[-34.25,42.95]],"c":false}]},{"i":{"x":0.833,"y":0.833},"o":{"x":0.167,"y":0.167},"t":27.973,"s":[{"i":[[0,0],[37.75,-22]],"o":[[0,0],[0,0]],"v":[[-30.5,-46.55],[-44.25,33.95]],"c":false}]},{"i":{"x":0.833,"y":0.833},"o":{"x":0.167,"y":0.167},"t":28.971,"s":[{"i":[[0,0],[42.75,-19]],"o":[[0,0],[0,0]],"v":[[-30.5,-46.55],[-53.75,40.95]],"c":false}]},{"i":{"x":0.833,"y":0.833},"o":{"x":0.167,"y":0.167},"t":29.97,"s":[{"i":[[0,0],[56.25,7]],"o":[[0,0],[0,0]],"v":[[-30.5,-46.55],[-73.75,39.45]],"c":false}]},{"i":{"x":0.833,"y":0.833},"o":{"x":0.167,"y":0.167},"t":31.968,"s":[{"i":[[0,0],[66.75,-8]],"o":[[0,0],[0,0]],"v":[[-30.5,-46.55],[-43.75,34.95]],"c":false}]},{"i":{"x":0.833,"y":0.833},"o":{"x":0.167,"y":0.167},"t":33.966,"s":[{"i":[[0,0],[51.5,-18]],"o":[[0,0],[0,0]],"v":[[-30.5,-46.55],[-11,26.7]],"c":false}]},{"i":{"x":0.833,"y":0.833},"o":{"x":0.167,"y":0.167},"t":35.964,"s":[{"i":[[0,0],[29,-34.25]],"o":[[0,0],[0,0]],"v":[[-30.5,-46.55],[7,29.7]],"c":false}]},{"i":{"x":0.833,"y":0.833},"o":{"x":0.167,"y":0.167},"t":37.963,"s":[{"i":[[0,0],[-25,-32.75]],"o":[[0,0],[0,0]],"v":[[-30.5,-46.55],[28,35.7]],"c":false}]},{"i":{"x":0.833,"y":0.833},"o":{"x":0.167,"y":0.167},"t":39.96,"s":[{"i":[[0,0],[-16.374,2.1]],"o":[[0,0],[0,0]],"v":[[-30.5,-46.55],[30.5,44.45]],"c":false}]},{"i":{"x":0.833,"y":0.833},"o":{"x":0.167,"y":0.167},"t":44.955,"s":[{"i":[[0,0],[-1.25,-9.5]],"o":[[0,0],[0,0]],"v":[[-30.5,-46.55],[-15.25,45.45]],"c":false}]},{"i":{"x":0.833,"y":0.833},"o":{"x":0.167,"y":0.167},"t":46.953,"s":[{"i":[[0,0],[25.75,-27.5]],"o":[[0,0],[0,0]],"v":[[-30.5,-46.55],[-34.25,42.95]],"c":false}]},{"i":{"x":0.833,"y":0.833},"o":{"x":0.167,"y":0.167},"t":47.953,"s":[{"i":[[0,0],[37.75,-22]],"o":[[0,0],[0,0]],"v":[[-30.5,-46.55],[-44.25,33.95]],"c":false}]},{"i":{"x":0.833,"y":0.833},"o":{"x":0.167,"y":0.167},"t":48.951,"s":[{"i":[[0,0],[42.75,-19]],"o":[[0,0],[0,0]],"v":[[-30.5,-46.55],[-53.75,40.95]],"c":false}]},{"i":{"x":0.833,"y":0.833},"o":{"x":0.167,"y":0.167},"t":49.95,"s":[{"i":[[0,0],[56.25,7]],"o":[[0,0],[0,0]],"v":[[-30.5,-46.55],[-73.75,39.45]],"c":false}]},{"i":{"x":0.833,"y":0.833},"o":{"x":0.167,"y":0.167},"t":51.948,"s":[{"i":[[0,0],[66.75,-8]],"o":[[0,0],[0,0]],"v":[[-30.5,-46.55],[-43.75,34.95]],"c":false}]},{"i":{"x":0.833,"y":0.833},"o":{"x":0.167,"y":0.167},"t":53.946,"s":[{"i":[[0,0],[51.5,-18]],"o":[[0,0],[0,0]],"v":[[-30.5,-46.55],[-11,26.7]],"c":false}]},{"i":{"x":0.833,"y":0.833},"o":{"x":0.167,"y":0.167},"t":55.944,"s":[{"i":[[0,0],[29,-34.25]],"o":[[0,0],[0,0]],"v":[[-30.5,-46.55],[7,29.7]],"c":false}]},{"i":{"x":0.833,"y":0.833},"o":{"x":0.167,"y":0.167},"t":57.943,"s":[{"i":[[0,0],[-25,-32.75]],"o":[[0,0],[0,0]],"v":[[-30.5,-46.55],[28,35.7]],"c":false}]},{"i":{"x":0.833,"y":0.833},"o":{"x":0.167,"y":0.167},"t":59.94,"s":[{"i":[[0,0],[-16.374,2.1]],"o":[[0,0],[0,0]],"v":[[-30.5,-46.55],[30.5,44.45]],"c":false}]},{"i":{"x":0.833,"y":0.833},"o":{"x":0.167,"y":0.167},"t":64.935,"s":[{"i":[[0,0],[-1.25,-9.5]],"o":[[0,0],[0,0]],"v":[[-30.5,-46.55],[-15.25,45.45]],"c":false}]},{"i":{"x":0.833,"y":0.833},"o":{"x":0.167,"y":0.167},"t":66.933,"s":[{"i":[[0,0],[25.75,-27.5]],"o":[[0,0],[0,0]],"v":[[-30.5,-46.55],[-34.25,42.95]],"c":false}]},{"i":{"x":0.833,"y":0.833},"o":{"x":0.167,"y":0.167},"t":67.933,"s":[{"i":[[0,0],[37.75,-22]],"o":[[0,0],[0,0]],"v":[[-30.5,-46.55],[-44.25,33.95]],"c":false}]},{"i":{"x":0.833,"y":0.833},"o":{"x":0.167,"y":0.167},"t":68.931,"s":[{"i":[[0,0],[42.75,-19]],"o":[[0,0],[0,0]],"v":[[-30.5,-46.55],[-53.75,40.95]],"c":false}]},{"i":{"x":0.833,"y":0.833},"o":{"x":0.167,"y":0.167},"t":69.93,"s":[{"i":[[0,0],[56.25,7]],"o":[[0,0],[0,0]],"v":[[-30.5,-46.55],[-73.75,39.45]],"c":false}]},{"i":{"x":0.833,"y":0.833},"o":{"x":0.167,"y":0.167},"t":71.928,"s":[{"i":[[0,0],[66.75,-8]],"o":[[0,0],[0,0]],"v":[[-30.5,-46.55],[-43.75,34.95]],"c":false}]},{"i":{"x":0.833,"y":0.833},"o":{"x":0.167,"y":0.167},"t":73.926,"s":[{"i":[[0,0],[51.5,-18]],"o":[[0,0],[0,0]],"v":[[-30.5,-46.55],[-11,26.7]],"c":false}]},{"i":{"x":0.833,"y":0.833},"o":{"x":0.167,"y":0.167},"t":75.924,"s":[{"i":[[0,0],[29,-34.25]],"o":[[0,0],[0,0]],"v":[[-30.5,-46.55],[7,29.7]],"c":false}]},{"i":{"x":0.833,"y":0.833},"o":{"x":0.167,"y":0.167},"t":77.923,"s":[{"i":[[0,0],[-25,-32.75]],"o":[[0,0],[0,0]],"v":[[-30.5,-46.55],[28,35.7]],"c":false}]},{"t":79.9200032552083,"s":[{"i":[[0,0],[-16.374,2.1]],"o":[[0,0],[0,0]],"v":[[-30.5,-46.55],[30.5,44.45]],"c":false}]}],"ix":2},"nm":"Path 1","mn":"ADBE Vector Shape - Group","hd":false},{"ty":"st","c":{"a":0,"k":[0.768627510819,0.701960784314,0.603921568627,1],"ix":3},"o":{"a":0,"k":100,"ix":4},"w":{"a":0,"k":37,"ix":5},"lc":2,"lj":1,"ml":10,"bm":0,"nm":"Stroke 1","mn":"ADBE Vector Graphic - Stroke","hd":false},{"ty":"tr","p":{"a":0,"k":[123,139.05],"ix":2},"a":{"a":0,"k":[0,0],"ix":1},"s":{"a":0,"k":[100,100],"ix":3},"r":{"a":0,"k":0,"ix":6},"o":{"a":0,"k":100,"ix":7},"sk":{"a":0,"k":0,"ix":4},"sa":{"a":0,"k":0,"ix":5},"nm":"Transform"}],"nm":"Group 1","np":2,"cix":2,"bm":0,"ix":1,"mn":"ADBE Vector Group","hd":false}],"ip":0,"op":299.700012207031,"st":0,"ct":1,"bm":0},{"ddd":0,"ind":14,"ty":4,"nm":"front right Outlines","parent":15,"sr":1,"ks":{"o":{"a":0,"k":100,"ix":11},"r":{"a":0,"k":0,"ix":10},"p":{"a":0,"k":[257.53,99.004,0],"ix":2,"l":2},"a":{"a":0,"k":[92.5,92.5,0],"ix":1,"l":2},"s":{"a":0,"k":[100,100,100],"ix":6,"l":2}},"ao":0,"shapes":[{"ty":"gr","it":[{"ind":0,"ty":"sh","ix":1,"ks":{"a":1,"k":[{"i":{"x":0.833,"y":0.833},"o":{"x":0.167,"y":0.167},"t":0,"s":[{"i":[[0,0],[-16.374,2.1]],"o":[[0,0],[0,0]],"v":[[-30.5,-46.55],[30.5,44.45]],"c":false}]},{"i":{"x":0.833,"y":0.833},"o":{"x":0.167,"y":0.167},"t":4.995,"s":[{"i":[[0,0],[-4,-22]],"o":[[0,0],[0,0]],"v":[[-30.5,-46.55],[-16.5,45.95]],"c":false}]},{"i":{"x":0.833,"y":0.833},"o":{"x":0.167,"y":0.167},"t":6.993,"s":[{"i":[[0,0],[24,-37]],"o":[[0,0],[0,0]],"v":[[-30.5,-46.55],[-35,44.45]],"c":false}]},{"i":{"x":0.833,"y":0.833},"o":{"x":0.167,"y":0.167},"t":7.993,"s":[{"i":[[0,0],[43,-31]],"o":[[0,0],[0,0]],"v":[[-30.5,-46.55],[-45.5,32.95]],"c":false}]},{"i":{"x":0.833,"y":0.833},"o":{"x":0.167,"y":0.167},"t":8.991,"s":[{"i":[[0,0],[43,-22.205]],"o":[[0,0],[0,0]],"v":[[-30.5,-46.55],[-55,39.45]],"c":false}]},{"i":{"x":0.833,"y":0.833},"o":{"x":0.167,"y":0.167},"t":9.99,"s":[{"i":[[0,0],[53,7.5]],"o":[[0,0],[0,0]],"v":[[-30.5,-46.55],[-75.5,39.45]],"c":false}]},{"i":{"x":0.833,"y":0.833},"o":{"x":0.167,"y":0.167},"t":11.988,"s":[{"i":[[0,0],[68.5,-12.5]],"o":[[0,0],[0,0]],"v":[[-30.5,-46.55],[-45,36.45]],"c":false}]},{"i":{"x":0.833,"y":0.833},"o":{"x":0.167,"y":0.167},"t":13.986,"s":[{"i":[[0,0],[54.5,-17.25]],"o":[[0,0],[0,0]],"v":[[-30.5,-46.55],[-14,28.2]],"c":false}]},{"i":{"x":0.833,"y":0.833},"o":{"x":0.167,"y":0.167},"t":15.984,"s":[{"i":[[0,0],[34,-29.75]],"o":[[0,0],[0,0]],"v":[[-30.5,-46.55],[3,30.2]],"c":false}]},{"i":{"x":0.833,"y":0.833},"o":{"x":0.167,"y":0.167},"t":17.983,"s":[{"i":[[0,0],[-29.5,-40.75]],"o":[[0,0],[0,0]],"v":[[-30.5,-46.55],[26.5,37.7]],"c":false}]},{"i":{"x":0.833,"y":0.833},"o":{"x":0.167,"y":0.167},"t":19.98,"s":[{"i":[[0,0],[-16.374,2.1]],"o":[[0,0],[0,0]],"v":[[-30.5,-46.55],[30.5,44.45]],"c":false}]},{"i":{"x":0.833,"y":0.833},"o":{"x":0.167,"y":0.167},"t":24.975,"s":[{"i":[[0,0],[-4,-22]],"o":[[0,0],[0,0]],"v":[[-30.5,-46.55],[-16.5,45.95]],"c":false}]},{"i":{"x":0.833,"y":0.833},"o":{"x":0.167,"y":0.167},"t":26.973,"s":[{"i":[[0,0],[24,-37]],"o":[[0,0],[0,0]],"v":[[-30.5,-46.55],[-35,44.45]],"c":false}]},{"i":{"x":0.833,"y":0.833},"o":{"x":0.167,"y":0.167},"t":27.973,"s":[{"i":[[0,0],[43,-31]],"o":[[0,0],[0,0]],"v":[[-30.5,-46.55],[-45.5,32.95]],"c":false}]},{"i":{"x":0.833,"y":0.833},"o":{"x":0.167,"y":0.167},"t":28.971,"s":[{"i":[[0,0],[43,-22.205]],"o":[[0,0],[0,0]],"v":[[-30.5,-46.55],[-55,39.45]],"c":false}]},{"i":{"x":0.833,"y":0.833},"o":{"x":0.167,"y":0.167},"t":29.97,"s":[{"i":[[0,0],[53,7.5]],"o":[[0,0],[0,0]],"v":[[-30.5,-46.55],[-75.5,39.45]],"c":false}]},{"i":{"x":0.833,"y":0.833},"o":{"x":0.167,"y":0.167},"t":31.968,"s":[{"i":[[0,0],[68.5,-12.5]],"o":[[0,0],[0,0]],"v":[[-30.5,-46.55],[-45,36.45]],"c":false}]},{"i":{"x":0.833,"y":0.833},"o":{"x":0.167,"y":0.167},"t":33.966,"s":[{"i":[[0,0],[54.5,-17.25]],"o":[[0,0],[0,0]],"v":[[-30.5,-46.55],[-14,28.2]],"c":false}]},{"i":{"x":0.833,"y":0.833},"o":{"x":0.167,"y":0.167},"t":35.964,"s":[{"i":[[0,0],[34,-29.75]],"o":[[0,0],[0,0]],"v":[[-30.5,-46.55],[3,30.2]],"c":false}]},{"i":{"x":0.833,"y":0.833},"o":{"x":0.167,"y":0.167},"t":37.963,"s":[{"i":[[0,0],[-29.5,-40.75]],"o":[[0,0],[0,0]],"v":[[-30.5,-46.55],[26.5,37.7]],"c":false}]},{"i":{"x":0.833,"y":0.833},"o":{"x":0.167,"y":0.167},"t":39.96,"s":[{"i":[[0,0],[-16.374,2.1]],"o":[[0,0],[0,0]],"v":[[-30.5,-46.55],[30.5,44.45]],"c":false}]},{"i":{"x":0.833,"y":0.833},"o":{"x":0.167,"y":0.167},"t":44.955,"s":[{"i":[[0,0],[-4,-22]],"o":[[0,0],[0,0]],"v":[[-30.5,-46.55],[-16.5,45.95]],"c":false}]},{"i":{"x":0.833,"y":0.833},"o":{"x":0.167,"y":0.167},"t":46.953,"s":[{"i":[[0,0],[24,-37]],"o":[[0,0],[0,0]],"v":[[-30.5,-46.55],[-35,44.45]],"c":false}]},{"i":{"x":0.833,"y":0.833},"o":{"x":0.167,"y":0.167},"t":47.953,"s":[{"i":[[0,0],[43,-31]],"o":[[0,0],[0,0]],"v":[[-30.5,-46.55],[-45.5,32.95]],"c":false}]},{"i":{"x":0.833,"y":0.833},"o":{"x":0.167,"y":0.167},"t":48.951,"s":[{"i":[[0,0],[43,-22.205]],"o":[[0,0],[0,0]],"v":[[-30.5,-46.55],[-55,39.45]],"c":false}]},{"i":{"x":0.833,"y":0.833},"o":{"x":0.167,"y":0.167},"t":49.95,"s":[{"i":[[0,0],[53,7.5]],"o":[[0,0],[0,0]],"v":[[-30.5,-46.55],[-75.5,39.45]],"c":false}]},{"i":{"x":0.833,"y":0.833},"o":{"x":0.167,"y":0.167},"t":51.948,"s":[{"i":[[0,0],[68.5,-12.5]],"o":[[0,0],[0,0]],"v":[[-30.5,-46.55],[-45,36.45]],"c":false}]},{"i":{"x":0.833,"y":0.833},"o":{"x":0.167,"y":0.167},"t":53.946,"s":[{"i":[[0,0],[54.5,-17.25]],"o":[[0,0],[0,0]],"v":[[-30.5,-46.55],[-14,28.2]],"c":false}]},{"i":{"x":0.833,"y":0.833},"o":{"x":0.167,"y":0.167},"t":55.944,"s":[{"i":[[0,0],[34,-29.75]],"o":[[0,0],[0,0]],"v":[[-30.5,-46.55],[3,30.2]],"c":false}]},{"i":{"x":0.833,"y":0.833},"o":{"x":0.167,"y":0.167},"t":57.943,"s":[{"i":[[0,0],[-29.5,-40.75]],"o":[[0,0],[0,0]],"v":[[-30.5,-46.55],[26.5,37.7]],"c":false}]},{"i":{"x":0.833,"y":0.833},"o":{"x":0.167,"y":0.167},"t":59.94,"s":[{"i":[[0,0],[-16.374,2.1]],"o":[[0,0],[0,0]],"v":[[-30.5,-46.55],[30.5,44.45]],"c":false}]},{"i":{"x":0.833,"y":0.833},"o":{"x":0.167,"y":0.167},"t":64.935,"s":[{"i":[[0,0],[-4,-22]],"o":[[0,0],[0,0]],"v":[[-30.5,-46.55],[-16.5,45.95]],"c":false}]},{"i":{"x":0.833,"y":0.833},"o":{"x":0.167,"y":0.167},"t":66.933,"s":[{"i":[[0,0],[24,-37]],"o":[[0,0],[0,0]],"v":[[-30.5,-46.55],[-35,44.45]],"c":false}]},{"i":{"x":0.833,"y":0.833},"o":{"x":0.167,"y":0.167},"t":67.933,"s":[{"i":[[0,0],[43,-31]],"o":[[0,0],[0,0]],"v":[[-30.5,-46.55],[-45.5,32.95]],"c":false}]},{"i":{"x":0.833,"y":0.833},"o":{"x":0.167,"y":0.167},"t":68.931,"s":[{"i":[[0,0],[43,-22.205]],"o":[[0,0],[0,0]],"v":[[-30.5,-46.55],[-55,39.45]],"c":false}]},{"i":{"x":0.833,"y":0.833},"o":{"x":0.167,"y":0.167},"t":69.93,"s":[{"i":[[0,0],[53,7.5]],"o":[[0,0],[0,0]],"v":[[-30.5,-46.55],[-75.5,39.45]],"c":false}]},{"i":{"x":0.833,"y":0.833},"o":{"x":0.167,"y":0.167},"t":71.928,"s":[{"i":[[0,0],[68.5,-12.5]],"o":[[0,0],[0,0]],"v":[[-30.5,-46.55],[-45,36.45]],"c":false}]},{"i":{"x":0.833,"y":0.833},"o":{"x":0.167,"y":0.167},"t":73.926,"s":[{"i":[[0,0],[54.5,-17.25]],"o":[[0,0],[0,0]],"v":[[-30.5,-46.55],[-14,28.2]],"c":false}]},{"i":{"x":0.833,"y":0.833},"o":{"x":0.167,"y":0.167},"t":75.924,"s":[{"i":[[0,0],[34,-29.75]],"o":[[0,0],[0,0]],"v":[[-30.5,-46.55],[3,30.2]],"c":false}]},{"i":{"x":0.833,"y":0.833},"o":{"x":0.167,"y":0.167},"t":77.923,"s":[{"i":[[0,0],[-29.5,-40.75]],"o":[[0,0],[0,0]],"v":[[-30.5,-46.55],[26.5,37.7]],"c":false}]},{"t":79.9200032552083,"s":[{"i":[[0,0],[-16.374,2.1]],"o":[[0,0],[0,0]],"v":[[-30.5,-46.55],[30.5,44.45]],"c":false}]}],"ix":2},"nm":"Path 1","mn":"ADBE Vector Shape - Group","hd":false},{"ty":"st","c":{"a":0,"k":[0.768627510819,0.701960784314,0.603921568627,1],"ix":3},"o":{"a":0,"k":100,"ix":4},"w":{"a":0,"k":37,"ix":5},"lc":2,"lj":1,"ml":10,"bm":0,"nm":"Stroke 1","mn":"ADBE Vector Graphic - Stroke","hd":false},{"ty":"tr","p":{"a":0,"k":[123,139.05],"ix":2},"a":{"a":0,"k":[0,0],"ix":1},"s":{"a":0,"k":[100,100],"ix":3},"r":{"a":0,"k":0,"ix":6},"o":{"a":0,"k":100,"ix":7},"sk":{"a":0,"k":0,"ix":4},"sa":{"a":0,"k":0,"ix":5},"nm":"Transform"}],"nm":"Group 1","np":2,"cix":2,"bm":0,"ix":1,"mn":"ADBE Vector Group","hd":false}],"ip":0,"op":299.700012207031,"st":0,"ct":1,"bm":0},{"ddd":0,"ind":15,"ty":4,"nm":"body Outlines","sr":1,"ks":{"o":{"a":0,"k":100,"ix":11},"r":{"a":0,"k":0,"ix":10},"p":{"a":1,"k":[{"i":{"x":0.833,"y":0.833},"o":{"x":0.167,"y":0.167},"t":0,"s":[528.791,677.706,0],"to":[0,4.833,0],"ti":[0,-0.5,0]},{"i":{"x":0.833,"y":0.833},"o":{"x":0.167,"y":0.167},"t":4.995,"s":[528.791,706.706,0],"to":[0,0.5,0],"ti":[0,0.333,0]},{"i":{"x":0.833,"y":0.833},"o":{"x":0.167,"y":0.167},"t":9.99,"s":[528.791,680.706,0],"to":[0,-0.333,0],"ti":[0,-0.5,0]},{"i":{"x":0.833,"y":0.833},"o":{"x":0.167,"y":0.167},"t":13.986,"s":[528.791,704.706,0],"to":[0,0.5,0],"ti":[0,4.5,0]},{"i":{"x":0.833,"y":0.833},"o":{"x":0.167,"y":0.167},"t":17.983,"s":[528.791,683.706,0],"to":[0,-4.5,0],"ti":[0,-3.833,0]},{"i":{"x":0.833,"y":0.833},"o":{"x":0.167,"y":0.167},"t":19.98,"s":[528.791,677.706,0],"to":[0,3.833,0],"ti":[0,-0.5,0]},{"i":{"x":0.833,"y":0.833},"o":{"x":0.167,"y":0.167},"t":24.975,"s":[528.791,706.706,0],"to":[0,0.5,0],"ti":[0,0.333,0]},{"i":{"x":0.833,"y":0.833},"o":{"x":0.167,"y":0.167},"t":29.97,"s":[528.791,680.706,0],"to":[0,-0.333,0],"ti":[0,-0.5,0]},{"i":{"x":0.833,"y":0.833},"o":{"x":0.167,"y":0.167},"t":33.966,"s":[528.791,704.706,0],"to":[0,0.5,0],"ti":[0,4.5,0]},{"i":{"x":0.833,"y":0.833},"o":{"x":0.167,"y":0.167},"t":37.963,"s":[528.791,683.706,0],"to":[0,-4.5,0],"ti":[0,-3.833,0]},{"i":{"x":0.833,"y":0.833},"o":{"x":0.167,"y":0.167},"t":39.96,"s":[528.791,677.706,0],"to":[0,3.833,0],"ti":[0,-0.5,0]},{"i":{"x":0.833,"y":0.833},"o":{"x":0.167,"y":0.167},"t":44.955,"s":[528.791,706.706,0],"to":[0,0.5,0],"ti":[0,0.333,0]},{"i":{"x":0.833,"y":0.833},"o":{"x":0.167,"y":0.167},"t":49.95,"s":[528.791,680.706,0],"to":[0,-0.333,0],"ti":[0,-0.5,0]},{"i":{"x":0.833,"y":0.833},"o":{"x":0.167,"y":0.167},"t":53.946,"s":[528.791,704.706,0],"to":[0,0.5,0],"ti":[0,4.5,0]},{"i":{"x":0.833,"y":0.833},"o":{"x":0.167,"y":0.167},"t":57.943,"s":[528.791,683.706,0],"to":[0,-4.5,0],"ti":[0,-3.833,0]},{"i":{"x":0.833,"y":0.833},"o":{"x":0.167,"y":0.167},"t":59.94,"s":[528.791,677.706,0],"to":[0,3.833,0],"ti":[0,-0.5,0]},{"i":{"x":0.833,"y":0.833},"o":{"x":0.167,"y":0.167},"t":64.935,"s":[528.791,706.706,0],"to":[0,0.5,0],"ti":[0,0.333,0]},{"i":{"x":0.833,"y":0.833},"o":{"x":0.167,"y":0.167},"t":69.93,"s":[528.791,680.706,0],"to":[0,-0.333,0],"ti":[0,-0.5,0]},{"i":{"x":0.833,"y":0.833},"o":{"x":0.167,"y":0.167},"t":73.926,"s":[528.791,704.706,0],"to":[0,0.5,0],"ti":[0,4.5,0]},{"i":{"x":0.833,"y":0.833},"o":{"x":0.167,"y":0.167},"t":77.923,"s":[528.791,683.706,0],"to":[0,-4.5,0],"ti":[0,1,0]},{"t":79.9200032552083,"s":[528.791,677.706,0]}],"ix":2,"l":2},"a":{"a":0,"k":[173.822,68.209,0],"ix":1,"l":2},"s":{"a":0,"k":[100,100,100],"ix":6,"l":2}},"ao":0,"shapes":[{"ty":"gr","it":[{"ind":0,"ty":"sh","ix":1,"ks":{"a":0,"k":{"i":[[-37.533,0],[0,0],[0,37.533],[37.532,0],[0,0],[0,-37.533]],"o":[[0,0],[37.532,0],[0,-37.533],[0,0],[-37.533,0],[0,37.533]],"v":[[-105.612,67.959],[105.613,67.959],[173.571,0],[105.613,-67.959],[-105.612,-67.959],[-173.571,0]],"c":true},"ix":2},"nm":"Path 1","mn":"ADBE Vector Shape - Group","hd":false},{"ty":"fl","c":{"a":0,"k":[0.768627510819,0.701960784314,0.603921568627,1],"ix":4},"o":{"a":0,"k":100,"ix":5},"r":1,"bm":0,"nm":"Fill 1","mn":"ADBE Vector Graphic - Fill","hd":false},{"ty":"tr","p":{"a":0,"k":[173.821,68.209],"ix":2},"a":{"a":0,"k":[0,0],"ix":1},"s":{"a":0,"k":[100,100],"ix":3},"r":{"a":0,"k":0,"ix":6},"o":{"a":0,"k":100,"ix":7},"sk":{"a":0,"k":0,"ix":4},"sa":{"a":0,"k":0,"ix":5},"nm":"Transform"}],"nm":"Group 1","np":2,"cix":2,"bm":0,"ix":1,"mn":"ADBE Vector Group","hd":false}],"ip":0,"op":600.000024438501,"st":0,"ct":1,"bm":0},{"ddd":0,"ind":16,"ty":4,"nm":"front left Outlines","parent":15,"sr":1,"ks":{"o":{"a":0,"k":100,"ix":11},"r":{"a":0,"k":0,"ix":10},"p":{"a":0,"k":[264.539,93.003,0],"ix":2,"l":2},"a":{"a":0,"k":[147.509,92.5,0],"ix":1,"l":2},"s":{"a":0,"k":[100,100,100],"ix":6,"l":2}},"ao":0,"shapes":[{"ty":"gr","it":[{"ind":0,"ty":"sh","ix":1,"ks":{"a":1,"k":[{"i":{"x":0.833,"y":0.833},"o":{"x":0.167,"y":0.167},"t":0,"s":[{"i":[[0,0],[57,7]],"o":[[0,0],[0,0]],"v":[[26.5,-50.5],[-28.5,43.5]],"c":false}]},{"i":{"x":0.833,"y":0.833},"o":{"x":0.167,"y":0.167},"t":4.995,"s":[{"i":[[0,0],[59,-8.5]],"o":[[0,0],[0,0]],"v":[[26.5,-50.5],[30,28]],"c":false}]},{"i":{"x":0.833,"y":0.833},"o":{"x":0.167,"y":0.167},"t":6.993,"s":[{"i":[[0,0],[30.5,-33.5]],"o":[[0,0],[0,0]],"v":[[26.5,-50.5],[53.5,29]],"c":false}]},{"i":{"x":0.833,"y":0.833},"o":{"x":0.167,"y":0.167},"t":7.993,"s":[{"i":[[0,0],[13.5,-39]],"o":[[0,0],[0,0]],"v":[[26.5,-50.5],[63,23.5]],"c":false}]},{"i":{"x":0.833,"y":0.833},"o":{"x":0.167,"y":0.167},"t":8.991,"s":[{"i":[[0,0],[-22,-40.5]],"o":[[0,0],[0,0]],"v":[[26.5,-50.5],[75.5,35.5]],"c":false}]},{"i":{"x":0.833,"y":0.833},"o":{"x":0.167,"y":0.167},"t":9.99,"s":[{"i":[[0,0],[-44,-28.5]],"o":[[0,0],[0,0]],"v":[[26.5,-50.5],[79,40.5]],"c":false}]},{"i":{"x":0.833,"y":0.833},"o":{"x":0.167,"y":0.167},"t":11.988,"s":[{"i":[[0,0],[-39,-35]],"o":[[0,0],[0,0]],"v":[[26.5,-50.5],[58,49]],"c":false}]},{"i":{"x":0.833,"y":0.833},"o":{"x":0.167,"y":0.167},"t":13.986,"s":[{"i":[[0,0],[-7.25,-39]],"o":[[0,0],[0,0]],"v":[[26.5,-50.5],[34.75,47]],"c":false}]},{"i":{"x":0.833,"y":0.833},"o":{"x":0.167,"y":0.167},"t":15.984,"s":[{"i":[[0,0],[25.25,-29]],"o":[[0,0],[0,0]],"v":[[26.5,-50.5],[15.75,45.5]],"c":false}]},{"i":{"x":0.833,"y":0.833},"o":{"x":0.167,"y":0.167},"t":17.983,"s":[{"i":[[0,0],[45.25,-15.5]],"o":[[0,0],[0,0]],"v":[[26.5,-50.5],[-5.25,41]],"c":false}]},{"i":{"x":0.833,"y":0.833},"o":{"x":0.167,"y":0.167},"t":19.98,"s":[{"i":[[0,0],[57,7]],"o":[[0,0],[0,0]],"v":[[26.5,-50.5],[-28.5,43.5]],"c":false}]},{"i":{"x":0.833,"y":0.833},"o":{"x":0.167,"y":0.167},"t":24.975,"s":[{"i":[[0,0],[59,-8.5]],"o":[[0,0],[0,0]],"v":[[26.5,-50.5],[30,28]],"c":false}]},{"i":{"x":0.833,"y":0.833},"o":{"x":0.167,"y":0.167},"t":26.973,"s":[{"i":[[0,0],[30.5,-33.5]],"o":[[0,0],[0,0]],"v":[[26.5,-50.5],[53.5,29]],"c":false}]},{"i":{"x":0.833,"y":0.833},"o":{"x":0.167,"y":0.167},"t":27.973,"s":[{"i":[[0,0],[13.5,-39]],"o":[[0,0],[0,0]],"v":[[26.5,-50.5],[63,23.5]],"c":false}]},{"i":{"x":0.833,"y":0.833},"o":{"x":0.167,"y":0.167},"t":28.971,"s":[{"i":[[0,0],[-22,-40.5]],"o":[[0,0],[0,0]],"v":[[26.5,-50.5],[75.5,35.5]],"c":false}]},{"i":{"x":0.833,"y":0.833},"o":{"x":0.167,"y":0.167},"t":29.97,"s":[{"i":[[0,0],[-44,-28.5]],"o":[[0,0],[0,0]],"v":[[26.5,-50.5],[79,40.5]],"c":false}]},{"i":{"x":0.833,"y":0.833},"o":{"x":0.167,"y":0.167},"t":31.968,"s":[{"i":[[0,0],[-39,-35]],"o":[[0,0],[0,0]],"v":[[26.5,-50.5],[58,49]],"c":false}]},{"i":{"x":0.833,"y":0.833},"o":{"x":0.167,"y":0.167},"t":33.966,"s":[{"i":[[0,0],[-7.25,-39]],"o":[[0,0],[0,0]],"v":[[26.5,-50.5],[34.75,47]],"c":false}]},{"i":{"x":0.833,"y":0.833},"o":{"x":0.167,"y":0.167},"t":35.964,"s":[{"i":[[0,0],[25.25,-29]],"o":[[0,0],[0,0]],"v":[[26.5,-50.5],[15.75,45.5]],"c":false}]},{"i":{"x":0.833,"y":0.833},"o":{"x":0.167,"y":0.167},"t":37.963,"s":[{"i":[[0,0],[45.25,-15.5]],"o":[[0,0],[0,0]],"v":[[26.5,-50.5],[-5.25,41]],"c":false}]},{"i":{"x":0.833,"y":0.833},"o":{"x":0.167,"y":0.167},"t":39.96,"s":[{"i":[[0,0],[57,7]],"o":[[0,0],[0,0]],"v":[[26.5,-50.5],[-28.5,43.5]],"c":false}]},{"i":{"x":0.833,"y":0.833},"o":{"x":0.167,"y":0.167},"t":44.955,"s":[{"i":[[0,0],[59,-8.5]],"o":[[0,0],[0,0]],"v":[[26.5,-50.5],[30,28]],"c":false}]},{"i":{"x":0.833,"y":0.833},"o":{"x":0.167,"y":0.167},"t":46.953,"s":[{"i":[[0,0],[30.5,-33.5]],"o":[[0,0],[0,0]],"v":[[26.5,-50.5],[53.5,29]],"c":false}]},{"i":{"x":0.833,"y":0.833},"o":{"x":0.167,"y":0.167},"t":47.953,"s":[{"i":[[0,0],[13.5,-39]],"o":[[0,0],[0,0]],"v":[[26.5,-50.5],[63,23.5]],"c":false}]},{"i":{"x":0.833,"y":0.833},"o":{"x":0.167,"y":0.167},"t":48.951,"s":[{"i":[[0,0],[-22,-40.5]],"o":[[0,0],[0,0]],"v":[[26.5,-50.5],[75.5,35.5]],"c":false}]},{"i":{"x":0.833,"y":0.833},"o":{"x":0.167,"y":0.167},"t":49.95,"s":[{"i":[[0,0],[-44,-28.5]],"o":[[0,0],[0,0]],"v":[[26.5,-50.5],[79,40.5]],"c":false}]},{"i":{"x":0.833,"y":0.833},"o":{"x":0.167,"y":0.167},"t":51.948,"s":[{"i":[[0,0],[-39,-35]],"o":[[0,0],[0,0]],"v":[[26.5,-50.5],[58,49]],"c":false}]},{"i":{"x":0.833,"y":0.833},"o":{"x":0.167,"y":0.167},"t":53.946,"s":[{"i":[[0,0],[-7.25,-39]],"o":[[0,0],[0,0]],"v":[[26.5,-50.5],[34.75,47]],"c":false}]},{"i":{"x":0.833,"y":0.833},"o":{"x":0.167,"y":0.167},"t":55.944,"s":[{"i":[[0,0],[25.25,-29]],"o":[[0,0],[0,0]],"v":[[26.5,-50.5],[15.75,45.5]],"c":false}]},{"i":{"x":0.833,"y":0.833},"o":{"x":0.167,"y":0.167},"t":57.943,"s":[{"i":[[0,0],[45.25,-15.5]],"o":[[0,0],[0,0]],"v":[[26.5,-50.5],[-5.25,41]],"c":false}]},{"i":{"x":0.833,"y":0.833},"o":{"x":0.167,"y":0.167},"t":59.94,"s":[{"i":[[0,0],[57,7]],"o":[[0,0],[0,0]],"v":[[26.5,-50.5],[-28.5,43.5]],"c":false}]},{"i":{"x":0.833,"y":0.833},"o":{"x":0.167,"y":0.167},"t":64.935,"s":[{"i":[[0,0],[59,-8.5]],"o":[[0,0],[0,0]],"v":[[26.5,-50.5],[30,28]],"c":false}]},{"i":{"x":0.833,"y":0.833},"o":{"x":0.167,"y":0.167},"t":66.933,"s":[{"i":[[0,0],[30.5,-33.5]],"o":[[0,0],[0,0]],"v":[[26.5,-50.5],[53.5,29]],"c":false}]},{"i":{"x":0.833,"y":0.833},"o":{"x":0.167,"y":0.167},"t":67.933,"s":[{"i":[[0,0],[13.5,-39]],"o":[[0,0],[0,0]],"v":[[26.5,-50.5],[63,23.5]],"c":false}]},{"i":{"x":0.833,"y":0.833},"o":{"x":0.167,"y":0.167},"t":68.931,"s":[{"i":[[0,0],[-22,-40.5]],"o":[[0,0],[0,0]],"v":[[26.5,-50.5],[75.5,35.5]],"c":false}]},{"i":{"x":0.833,"y":0.833},"o":{"x":0.167,"y":0.167},"t":69.93,"s":[{"i":[[0,0],[-44,-28.5]],"o":[[0,0],[0,0]],"v":[[26.5,-50.5],[79,40.5]],"c":false}]},{"i":{"x":0.833,"y":0.833},"o":{"x":0.167,"y":0.167},"t":71.928,"s":[{"i":[[0,0],[-39,-35]],"o":[[0,0],[0,0]],"v":[[26.5,-50.5],[58,49]],"c":false}]},{"i":{"x":0.833,"y":0.833},"o":{"x":0.167,"y":0.167},"t":73.926,"s":[{"i":[[0,0],[-7.25,-39]],"o":[[0,0],[0,0]],"v":[[26.5,-50.5],[34.75,47]],"c":false}]},{"i":{"x":0.833,"y":0.833},"o":{"x":0.167,"y":0.167},"t":75.924,"s":[{"i":[[0,0],[25.25,-29]],"o":[[0,0],[0,0]],"v":[[26.5,-50.5],[15.75,45.5]],"c":false}]},{"i":{"x":0.833,"y":0.833},"o":{"x":0.167,"y":0.167},"t":77.923,"s":[{"i":[[0,0],[45.25,-15.5]],"o":[[0,0],[0,0]],"v":[[26.5,-50.5],[-5.25,41]],"c":false}]},{"t":79.9200032552083,"s":[{"i":[[0,0],[57,7]],"o":[[0,0],[0,0]],"v":[[26.5,-50.5],[-28.5,43.5]],"c":false}]}],"ix":2},"nm":"Path 1","mn":"ADBE Vector Shape - Group","hd":false},{"ty":"st","c":{"a":0,"k":[0.690196078431,0.56862745098,0.360784313725,1],"ix":3},"o":{"a":0,"k":100,"ix":4},"w":{"a":0,"k":37,"ix":5},"lc":2,"lj":1,"ml":10,"bm":0,"nm":"Stroke 1","mn":"ADBE Vector Graphic - Stroke","hd":false},{"ty":"tr","p":{"a":0,"k":[121,143],"ix":2},"a":{"a":0,"k":[0,0],"ix":1},"s":{"a":0,"k":[100,100],"ix":3},"r":{"a":0,"k":0,"ix":6},"o":{"a":0,"k":100,"ix":7},"sk":{"a":0,"k":0,"ix":4},"sa":{"a":0,"k":0,"ix":5},"nm":"Transform"}],"nm":"Group 1","np":2,"cix":2,"bm":0,"ix":1,"mn":"ADBE Vector Group","hd":false}],"ip":0,"op":299.700012207031,"st":0,"ct":1,"bm":0},{"ddd":0,"ind":17,"ty":4,"nm":"back left Outlines","parent":15,"sr":1,"ks":{"o":{"a":0,"k":100,"ix":11},"r":{"a":0,"k":0,"ix":10},"p":{"a":0,"k":[79.539,93.003,0],"ix":2,"l":2},"a":{"a":0,"k":[147.509,92.5,0],"ix":1,"l":2},"s":{"a":0,"k":[100,100,100],"ix":6,"l":2}},"ao":0,"shapes":[{"ty":"gr","it":[{"ind":0,"ty":"sh","ix":1,"ks":{"a":1,"k":[{"i":{"x":0.833,"y":0.833},"o":{"x":0.167,"y":0.167},"t":0,"s":[{"i":[[0,0],[57,7]],"o":[[0,0],[0,0]],"v":[[26.5,-50.5],[-28.5,43.5]],"c":false}]},{"i":{"x":0.833,"y":0.833},"o":{"x":0.167,"y":0.167},"t":4.995,"s":[{"i":[[0,0],[60.5,-22]],"o":[[0,0],[0,0]],"v":[[26.5,-50.5],[28.5,33]],"c":false}]},{"i":{"x":0.833,"y":0.833},"o":{"x":0.167,"y":0.167},"t":6.993,"s":[{"i":[[0,0],[28.5,-53.5]],"o":[[0,0],[0,0]],"v":[[26.5,-50.5],[53.5,27.5]],"c":false}]},{"i":{"x":0.833,"y":0.833},"o":{"x":0.167,"y":0.167},"t":7.993,"s":[{"i":[[0,0],[14,-57.5]],"o":[[0,0],[0,0]],"v":[[26.5,-50.5],[61,24.5]],"c":false}]},{"i":{"x":0.833,"y":0.833},"o":{"x":0.167,"y":0.167},"t":8.991,"s":[{"i":[[0,0],[-30.5,-59.5]],"o":[[0,0],[0,0]],"v":[[26.5,-50.5],[73.5,36]],"c":false}]},{"i":{"x":0.833,"y":0.833},"o":{"x":0.167,"y":0.167},"t":9.99,"s":[{"i":[[0,0],[-44.5,-29]],"o":[[0,0],[0,0]],"v":[[26.5,-50.5],[77.5,42]],"c":false}]},{"i":{"x":0.833,"y":0.833},"o":{"x":0.167,"y":0.167},"t":11.988,"s":[{"i":[[0,0],[-39.5,-33.5]],"o":[[0,0],[0,0]],"v":[[26.5,-50.5],[57.5,47.5]],"c":false}]},{"i":{"x":0.833,"y":0.833},"o":{"x":0.167,"y":0.167},"t":13.986,"s":[{"i":[[0,0],[-4.25,-36.75]],"o":[[0,0],[0,0]],"v":[[26.5,-50.5],[32.75,47]],"c":false}]},{"i":{"x":0.833,"y":0.833},"o":{"x":0.167,"y":0.167},"t":15.984,"s":[{"i":[[0,0],[21.75,-22.5]],"o":[[0,0],[0,0]],"v":[[26.5,-50.5],[13.75,45.5]],"c":false}]},{"i":{"x":0.833,"y":0.833},"o":{"x":0.167,"y":0.167},"t":17.983,"s":[{"i":[[0,0],[41.75,-14.5]],"o":[[0,0],[0,0]],"v":[[26.5,-50.5],[-6.25,42]],"c":false}]},{"i":{"x":0.833,"y":0.833},"o":{"x":0.167,"y":0.167},"t":19.98,"s":[{"i":[[0,0],[57,7]],"o":[[0,0],[0,0]],"v":[[26.5,-50.5],[-28.5,43.5]],"c":false}]},{"i":{"x":0.833,"y":0.833},"o":{"x":0.167,"y":0.167},"t":24.975,"s":[{"i":[[0,0],[60.5,-22]],"o":[[0,0],[0,0]],"v":[[26.5,-50.5],[28.5,33]],"c":false}]},{"i":{"x":0.833,"y":0.833},"o":{"x":0.167,"y":0.167},"t":26.973,"s":[{"i":[[0,0],[28.5,-53.5]],"o":[[0,0],[0,0]],"v":[[26.5,-50.5],[53.5,27.5]],"c":false}]},{"i":{"x":0.833,"y":0.833},"o":{"x":0.167,"y":0.167},"t":27.973,"s":[{"i":[[0,0],[14,-57.5]],"o":[[0,0],[0,0]],"v":[[26.5,-50.5],[61,24.5]],"c":false}]},{"i":{"x":0.833,"y":0.833},"o":{"x":0.167,"y":0.167},"t":28.971,"s":[{"i":[[0,0],[-30.5,-59.5]],"o":[[0,0],[0,0]],"v":[[26.5,-50.5],[73.5,36]],"c":false}]},{"i":{"x":0.833,"y":0.833},"o":{"x":0.167,"y":0.167},"t":29.97,"s":[{"i":[[0,0],[-44.5,-29]],"o":[[0,0],[0,0]],"v":[[26.5,-50.5],[77.5,42]],"c":false}]},{"i":{"x":0.833,"y":0.833},"o":{"x":0.167,"y":0.167},"t":31.968,"s":[{"i":[[0,0],[-39.5,-33.5]],"o":[[0,0],[0,0]],"v":[[26.5,-50.5],[57.5,47.5]],"c":false}]},{"i":{"x":0.833,"y":0.833},"o":{"x":0.167,"y":0.167},"t":33.966,"s":[{"i":[[0,0],[-4.25,-36.75]],"o":[[0,0],[0,0]],"v":[[26.5,-50.5],[32.75,47]],"c":false}]},{"i":{"x":0.833,"y":0.833},"o":{"x":0.167,"y":0.167},"t":35.964,"s":[{"i":[[0,0],[21.75,-22.5]],"o":[[0,0],[0,0]],"v":[[26.5,-50.5],[13.75,45.5]],"c":false}]},{"i":{"x":0.833,"y":0.833},"o":{"x":0.167,"y":0.167},"t":37.963,"s":[{"i":[[0,0],[41.75,-14.5]],"o":[[0,0],[0,0]],"v":[[26.5,-50.5],[-6.25,42]],"c":false}]},{"i":{"x":0.833,"y":0.833},"o":{"x":0.167,"y":0.167},"t":39.96,"s":[{"i":[[0,0],[57,7]],"o":[[0,0],[0,0]],"v":[[26.5,-50.5],[-28.5,43.5]],"c":false}]},{"i":{"x":0.833,"y":0.833},"o":{"x":0.167,"y":0.167},"t":44.955,"s":[{"i":[[0,0],[60.5,-22]],"o":[[0,0],[0,0]],"v":[[26.5,-50.5],[28.5,33]],"c":false}]},{"i":{"x":0.833,"y":0.833},"o":{"x":0.167,"y":0.167},"t":46.953,"s":[{"i":[[0,0],[28.5,-53.5]],"o":[[0,0],[0,0]],"v":[[26.5,-50.5],[53.5,27.5]],"c":false}]},{"i":{"x":0.833,"y":0.833},"o":{"x":0.167,"y":0.167},"t":47.953,"s":[{"i":[[0,0],[14,-57.5]],"o":[[0,0],[0,0]],"v":[[26.5,-50.5],[61,24.5]],"c":false}]},{"i":{"x":0.833,"y":0.833},"o":{"x":0.167,"y":0.167},"t":48.951,"s":[{"i":[[0,0],[-30.5,-59.5]],"o":[[0,0],[0,0]],"v":[[26.5,-50.5],[73.5,36]],"c":false}]},{"i":{"x":0.833,"y":0.833},"o":{"x":0.167,"y":0.167},"t":49.95,"s":[{"i":[[0,0],[-44.5,-29]],"o":[[0,0],[0,0]],"v":[[26.5,-50.5],[77.5,42]],"c":false}]},{"i":{"x":0.833,"y":0.833},"o":{"x":0.167,"y":0.167},"t":51.948,"s":[{"i":[[0,0],[-39.5,-33.5]],"o":[[0,0],[0,0]],"v":[[26.5,-50.5],[57.5,47.5]],"c":false}]},{"i":{"x":0.833,"y":0.833},"o":{"x":0.167,"y":0.167},"t":53.946,"s":[{"i":[[0,0],[-4.25,-36.75]],"o":[[0,0],[0,0]],"v":[[26.5,-50.5],[32.75,47]],"c":false}]},{"i":{"x":0.833,"y":0.833},"o":{"x":0.167,"y":0.167},"t":55.944,"s":[{"i":[[0,0],[21.75,-22.5]],"o":[[0,0],[0,0]],"v":[[26.5,-50.5],[13.75,45.5]],"c":false}]},{"i":{"x":0.833,"y":0.833},"o":{"x":0.167,"y":0.167},"t":57.943,"s":[{"i":[[0,0],[41.75,-14.5]],"o":[[0,0],[0,0]],"v":[[26.5,-50.5],[-6.25,42]],"c":false}]},{"i":{"x":0.833,"y":0.833},"o":{"x":0.167,"y":0.167},"t":59.94,"s":[{"i":[[0,0],[57,7]],"o":[[0,0],[0,0]],"v":[[26.5,-50.5],[-28.5,43.5]],"c":false}]},{"i":{"x":0.833,"y":0.833},"o":{"x":0.167,"y":0.167},"t":64.935,"s":[{"i":[[0,0],[60.5,-22]],"o":[[0,0],[0,0]],"v":[[26.5,-50.5],[28.5,33]],"c":false}]},{"i":{"x":0.833,"y":0.833},"o":{"x":0.167,"y":0.167},"t":66.933,"s":[{"i":[[0,0],[28.5,-53.5]],"o":[[0,0],[0,0]],"v":[[26.5,-50.5],[53.5,27.5]],"c":false}]},{"i":{"x":0.833,"y":0.833},"o":{"x":0.167,"y":0.167},"t":67.933,"s":[{"i":[[0,0],[14,-57.5]],"o":[[0,0],[0,0]],"v":[[26.5,-50.5],[61,24.5]],"c":false}]},{"i":{"x":0.833,"y":0.833},"o":{"x":0.167,"y":0.167},"t":68.931,"s":[{"i":[[0,0],[-30.5,-59.5]],"o":[[0,0],[0,0]],"v":[[26.5,-50.5],[73.5,36]],"c":false}]},{"i":{"x":0.833,"y":0.833},"o":{"x":0.167,"y":0.167},"t":69.93,"s":[{"i":[[0,0],[-44.5,-29]],"o":[[0,0],[0,0]],"v":[[26.5,-50.5],[77.5,42]],"c":false}]},{"i":{"x":0.833,"y":0.833},"o":{"x":0.167,"y":0.167},"t":71.928,"s":[{"i":[[0,0],[-39.5,-33.5]],"o":[[0,0],[0,0]],"v":[[26.5,-50.5],[57.5,47.5]],"c":false}]},{"i":{"x":0.833,"y":0.833},"o":{"x":0.167,"y":0.167},"t":73.926,"s":[{"i":[[0,0],[-4.25,-36.75]],"o":[[0,0],[0,0]],"v":[[26.5,-50.5],[32.75,47]],"c":false}]},{"i":{"x":0.833,"y":0.833},"o":{"x":0.167,"y":0.167},"t":75.924,"s":[{"i":[[0,0],[21.75,-22.5]],"o":[[0,0],[0,0]],"v":[[26.5,-50.5],[13.75,45.5]],"c":false}]},{"i":{"x":0.833,"y":0.833},"o":{"x":0.167,"y":0.167},"t":77.923,"s":[{"i":[[0,0],[41.75,-14.5]],"o":[[0,0],[0,0]],"v":[[26.5,-50.5],[-6.25,42]],"c":false}]},{"t":79.9200032552083,"s":[{"i":[[0,0],[57,7]],"o":[[0,0],[0,0]],"v":[[26.5,-50.5],[-28.5,43.5]],"c":false}]}],"ix":2},"nm":"Path 1","mn":"ADBE Vector Shape - Group","hd":false},{"ty":"st","c":{"a":0,"k":[0.690196078431,0.56862745098,0.360784313725,1],"ix":3},"o":{"a":0,"k":100,"ix":4},"w":{"a":0,"k":37,"ix":5},"lc":2,"lj":1,"ml":10,"bm":0,"nm":"Stroke 1","mn":"ADBE Vector Graphic - Stroke","hd":false},{"ty":"tr","p":{"a":0,"k":[121,143],"ix":2},"a":{"a":0,"k":[0,0],"ix":1},"s":{"a":0,"k":[100,100],"ix":3},"r":{"a":0,"k":0,"ix":6},"o":{"a":0,"k":100,"ix":7},"sk":{"a":0,"k":0,"ix":4},"sa":{"a":0,"k":0,"ix":5},"nm":"Transform"}],"nm":"Group 1","np":2,"cix":2,"bm":0,"ix":1,"mn":"ADBE Vector Group","hd":false}],"ip":0,"op":299.700012207031,"st":0,"ct":1,"bm":0},{"ddd":0,"ind":18,"ty":4,"nm":"Shape Layer 3","sr":1,"ks":{"o":{"a":0,"k":50,"ix":11},"r":{"a":0,"k":0,"ix":10},"p":{"a":0,"k":[560.5,848,0],"ix":2,"l":2},"a":{"a":0,"k":[20.5,272,0],"ix":1,"l":2},"s":{"a":1,"k":[{"i":{"x":[0.833,0.833,0.833],"y":[0.833,0.833,0.833]},"o":{"x":[0.167,0.167,0.167],"y":[0.167,0.167,0.167]},"t":0,"s":[90,100,100]},{"i":{"x":[0.833,0.833,0.833],"y":[0.833,0.833,0.833]},"o":{"x":[0.167,0.167,0.167],"y":[0.167,0.167,0.167]},"t":4.995,"s":[100,100,100]},{"i":{"x":[0.833,0.833,0.833],"y":[0.833,0.833,0.833]},"o":{"x":[0.167,0.167,0.167],"y":[0.167,0.167,0.167]},"t":9.99,"s":[90,100,100]},{"i":{"x":[0.833,0.833,0.833],"y":[0.833,0.833,0.833]},"o":{"x":[0.167,0.167,0.167],"y":[0.167,0.167,0.167]},"t":14.985,"s":[100,100,100]},{"i":{"x":[0.833,0.833,0.833],"y":[0.833,0.833,0.833]},"o":{"x":[0.167,0.167,0.167],"y":[0.167,0.167,0.167]},"t":19.98,"s":[90,100,100]},{"i":{"x":[0.833,0.833,0.833],"y":[0.833,0.833,0.833]},"o":{"x":[0.167,0.167,0.167],"y":[0.167,0.167,0.167]},"t":24.975,"s":[100,100,100]},{"i":{"x":[0.833,0.833,0.833],"y":[0.833,0.833,0.833]},"o":{"x":[0.167,0.167,0.167],"y":[0.167,0.167,0.167]},"t":29.97,"s":[90,100,100]},{"i":{"x":[0.833,0.833,0.833],"y":[0.833,0.833,0.833]},"o":{"x":[0.167,0.167,0.167],"y":[0.167,0.167,0.167]},"t":34.965,"s":[100,100,100]},{"i":{"x":[0.833,0.833,0.833],"y":[0.833,0.833,0.833]},"o":{"x":[0.167,0.167,0.167],"y":[0.167,0.167,0.167]},"t":39.96,"s":[90,100,100]},{"i":{"x":[0.833,0.833,0.833],"y":[0.833,0.833,0.833]},"o":{"x":[0.167,0.167,0.167],"y":[0.167,0.167,0.167]},"t":44.955,"s":[100,100,100]},{"i":{"x":[0.833,0.833,0.833],"y":[0.833,0.833,0.833]},"o":{"x":[0.167,0.167,0.167],"y":[0.167,0.167,0.167]},"t":49.95,"s":[90,100,100]},{"i":{"x":[0.833,0.833,0.833],"y":[0.833,0.833,0.833]},"o":{"x":[0.167,0.167,0.167],"y":[0.167,0.167,0.167]},"t":54.945,"s":[100,100,100]},{"i":{"x":[0.833,0.833,0.833],"y":[0.833,0.833,0.833]},"o":{"x":[0.167,0.167,0.167],"y":[0.167,0.167,0.167]},"t":59.94,"s":[90,100,100]},{"i":{"x":[0.833,0.833,0.833],"y":[0.833,0.833,0.833]},"o":{"x":[0.167,0.167,0.167],"y":[0.167,0.167,0.167]},"t":64.935,"s":[100,100,100]},{"i":{"x":[0.833,0.833,0.833],"y":[0.833,0.833,0.833]},"o":{"x":[0.167,0.167,0.167],"y":[0.167,0.167,0.167]},"t":69.93,"s":[90,100,100]},{"i":{"x":[0.833,0.833,0.833],"y":[0.833,0.833,0.833]},"o":{"x":[0.167,0.167,0.167],"y":[0.167,0.167,0.167]},"t":74.925,"s":[100,100,100]},{"t":79.9200032552083,"s":[90,100,100]}],"ix":6,"l":2}},"ao":0,"shapes":[{"ty":"gr","it":[{"ind":0,"ty":"sh","ix":1,"ks":{"a":0,"k":{"i":[[0,0],[0,0]],"o":[[0,0],[0,0]],"v":[[-222,272],[263,272]],"c":false},"ix":2},"nm":"Path 1","mn":"ADBE Vector Shape - Group","hd":false},{"ty":"st","c":{"a":0,"k":[0,0,0,1],"ix":3},"o":{"a":0,"k":100,"ix":4},"w":{"a":0,"k":18,"ix":5},"lc":2,"lj":1,"ml":4,"bm":0,"nm":"Stroke 1","mn":"ADBE Vector Graphic - Stroke","hd":false},{"ty":"tr","p":{"a":0,"k":[0,0],"ix":2},"a":{"a":0,"k":[0,0],"ix":1},"s":{"a":0,"k":[100,100],"ix":3},"r":{"a":0,"k":0,"ix":6},"o":{"a":0,"k":100,"ix":7},"sk":{"a":0,"k":0,"ix":4},"sa":{"a":0,"k":0,"ix":5},"nm":"Transform"}],"nm":"Shape 1","np":3,"cix":2,"bm":0,"ix":1,"mn":"ADBE Vector Group","hd":false}],"ip":0,"op":299.700012207031,"st":0,"ct":1,"bm":0}]}],"layers":[{"ddd":0,"ind":1,"ty":0,"nm":"tommy","refId":"comp_0","sr":1,"ks":{"o":{"a":0,"k":100,"ix":11},"r":{"a":0,"k":0,"ix":10},"p":{"a":0,"k":[540,514,0],"ix":2,"l":2},"a":{"a":0,"k":[540,540,0],"ix":1,"l":2},"s":{"a":0,"k":[131,131,100],"ix":6,"l":2}},"ao":0,"w":1080,"h":1080,"ip":0,"op":600.000024438501,"st":0,"bm":0}],"markers":[]}