{"nm":"preloader_cat","ddd":0,"h":1080,"w":1080,"meta":{"g":"@lottiefiles/toolkit-js 0.33.2"},"layers":[{"ty":3,"nm":"Rotation","sr":1,"st":0,"op":49,"ip":0,"hd":false,"ddd":0,"bm":0,"hasMask":false,"ao":0,"ks":{"a":{"a":0,"k":[0,0,0],"ix":1},"s":{"a":0,"k":[100,100,100],"ix":6},"sk":{"a":0,"k":0},"p":{"a":0,"k":[540,540,0],"ix":2},"r":{"a":1,"k":[{"o":{"x":0.167,"y":0.167},"i":{"x":0.833,"y":0.833},"s":[-4],"t":0},{"o":{"x":0.167,"y":0.167},"i":{"x":0.833,"y":0.833},"s":[0],"t":8},{"o":{"x":0.167,"y":0.167},"i":{"x":0.833,"y":0.833},"s":[-8],"t":41},{"s":[-4],"t":49}],"ix":10},"sa":{"a":0,"k":0},"o":{"a":0,"k":0,"ix":11}},"ef":[],"ind":1},{"ty":3,"nm":"Rotation_null","sr":1,"st":0,"op":49,"ip":0,"hd":false,"ddd":0,"bm":0,"hasMask":false,"ao":0,"ks":{"a":{"a":0,"k":[0,0,0],"ix":1},"s":{"a":0,"k":[100,100,100],"ix":6},"sk":{"a":0,"k":0},"p":{"a":0,"k":[0,0,0],"ix":2},"r":{"a":1,"k":[{"o":{"x":0.745,"y":0},"i":{"x":0.263,"y":1},"s":[0],"t":5},{"s":[360],"t":44}],"ix":10},"sa":{"a":0,"k":0},"o":{"a":0,"k":0,"ix":11}},"ef":[],"ind":2,"parent":1},{"ty":4,"nm":"Hand_outside_000_stroke","sr":1,"st":0,"op":49,"ip":0,"hd":false,"ddd":0,"bm":0,"hasMask":false,"ao":0,"ks":{"a":{"a":0,"k":[0,0,0],"ix":1},"s":{"a":0,"k":[100,100,100],"ix":6},"sk":{"a":0,"k":0},"p":{"a":0,"k":[0,0,0],"ix":2},"r":{"a":0,"k":-1.5,"ix":10},"sa":{"a":0,"k":0},"o":{"a":0,"k":100,"ix":11}},"ef":[],"shapes":[{"ty":"gr","bm":0,"hd":false,"mn":"ADBE Vector Group","nm":"Shape 1","ix":1,"cix":2,"np":3,"it":[{"ty":"sh","bm":0,"hd":false,"mn":"ADBE Vector Shape - Group","nm":"Path 1","ix":1,"d":1,"ks":{"a":0,"k":{"c":false,"i":[[17.245,18.272],[-20.5,16.5],[-12.25,-14.25]],"o":[[-21,-22.25],[20.5,-16.5],[12.25,14.25]],"v":[[-237.125,215],[-242.5,139.5],[-187,144.25]]},"ix":2}},{"ty":"st","bm":0,"hd":false,"mn":"ADBE Vector Graphic - Stroke","nm":"Stroke 1","lc":1,"lj":1,"ml":4,"o":{"a":0,"k":100,"ix":4},"w":{"a":0,"k":8,"ix":5},"c":{"a":0,"k":[0.2431,0.2431,0.251],"ix":3}},{"ty":"tr","a":{"a":0,"k":[0,0],"ix":1},"s":{"a":0,"k":[100,100],"ix":3},"sk":{"a":0,"k":0,"ix":4},"p":{"a":0,"k":[0,0],"ix":2},"r":{"a":0,"k":0,"ix":6},"sa":{"a":0,"k":0,"ix":5},"o":{"a":0,"k":100,"ix":7}}]}],"ind":3,"parent":2},{"ty":4,"nm":"Hand_outside_000_fill","sr":1,"st":0,"op":49,"ip":0,"hd":false,"ddd":0,"bm":0,"hasMask":false,"ao":0,"ks":{"a":{"a":0,"k":[0,0,0],"ix":1},"s":{"a":0,"k":[100,100,100],"ix":6},"sk":{"a":0,"k":0},"p":{"a":0,"k":[0,0,0],"ix":2},"r":{"a":0,"k":1.5,"ix":10},"sa":{"a":0,"k":0},"o":{"a":0,"k":100,"ix":11}},"ef":[],"shapes":[{"ty":"gr","bm":0,"hd":false,"mn":"ADBE Vector Group","nm":"Shape 1","ix":1,"cix":2,"np":3,"it":[{"ty":"sh","bm":0,"hd":false,"mn":"ADBE Vector Shape - Group","nm":"Path 1","ix":1,"d":1,"ks":{"a":0,"k":{"c":true,"i":[[5.5,0.75],[5.5,-6.25],[-5,-16.25],[0,0],[-2.25,0.75],[0,0],[0,0]],"o":[[-5.5,-0.75],[-5.5,6.25],[5,16.25],[0,0],[2.25,-0.75],[0,0],[0,0]],"v":[[-210.25,150.5],[-235.25,154],[-245,193.25],[-229.75,222.5],[-213.5,210],[-199.75,195.25],[-202.5,179.5]]},"ix":2}},{"ty":"fl","bm":0,"hd":false,"mn":"ADBE Vector Graphic - Fill","nm":"Fill 1","c":{"a":0,"k":[0.6157,0.6627,0.8196],"ix":4},"r":1,"o":{"a":0,"k":100,"ix":5}},{"ty":"tr","a":{"a":0,"k":[0,0],"ix":1},"s":{"a":0,"k":[100,100],"ix":3},"sk":{"a":0,"k":0,"ix":4},"p":{"a":0,"k":[0,0],"ix":2},"r":{"a":0,"k":0,"ix":6},"sa":{"a":0,"k":0,"ix":5},"o":{"a":0,"k":100,"ix":7}}]}],"ind":4,"parent":2},{"ty":4,"nm":"Head_line_001_stroke","sr":1,"st":0,"op":49,"ip":0,"hd":false,"ddd":0,"bm":0,"hasMask":false,"ao":0,"ks":{"a":{"a":0,"k":[176.37,176.37,0],"ix":1},"s":{"a":0,"k":[178,178,100],"ix":6},"sk":{"a":0,"k":0},"p":{"a":0,"k":[-0.095,-0.522,0],"ix":2},"r":{"a":0,"k":1.5,"ix":10},"sa":{"a":0,"k":0},"o":{"a":0,"k":100,"ix":11}},"ef":[],"shapes":[{"ty":"gr","bm":0,"hd":false,"mn":"ADBE Vector Group","nm":"Group 1","ix":1,"cix":2,"np":2,"it":[{"ty":"sh","bm":0,"hd":false,"mn":"ADBE Vector Shape - Group","nm":"Path 1","ix":1,"d":1,"ks":{"a":0,"k":{"c":true,"i":[[0,-96.026],[96.025,0],[0,96.026],[-96.026,0]],"o":[[0,96.026],[-96.026,0],[0,-96.026],[96.025,0]],"v":[[173.87,0],[0,173.87],[-173.87,0],[0,-173.87]]},"ix":2}},{"ty":"st","bm":0,"hd":false,"mn":"ADBE Vector Graphic - Stroke","nm":"Stroke 1","lc":2,"lj":1,"ml":10,"o":{"a":0,"k":100,"ix":4},"w":{"a":0,"k":5.5,"ix":5},"c":{"a":0,"k":[0.2431,0.2431,0.251],"ix":3}},{"ty":"tr","a":{"a":0,"k":[0,0],"ix":1},"s":{"a":0,"k":[100,100],"ix":3},"sk":{"a":0,"k":0,"ix":4},"p":{"a":0,"k":[176.37,176.37],"ix":2},"r":{"a":0,"k":0,"ix":6},"sa":{"a":0,"k":0,"ix":5},"o":{"a":0,"k":100,"ix":7}}]},{"ty":"tm","bm":0,"hd":false,"mn":"ADBE Vector Filter - Trim","nm":"Trim Paths 1","ix":2,"e":{"a":0,"k":47.2,"ix":2},"o":{"a":0,"k":0,"ix":3},"s":{"a":0,"k":46.5,"ix":1},"m":1}],"ind":5,"parent":2},{"ty":4,"nm":"Head_line_002_stroke","sr":1,"st":0,"op":49,"ip":0,"hd":false,"ddd":0,"bm":0,"hasMask":false,"ao":0,"ks":{"a":{"a":0,"k":[176.37,176.37,0],"ix":1},"s":{"a":0,"k":[200,200,100],"ix":6},"sk":{"a":0,"k":0},"p":{"a":0,"k":[-0.095,-0.522,0],"ix":2},"r":{"a":0,"k":1.5,"ix":10},"sa":{"a":0,"k":0},"o":{"a":0,"k":100,"ix":11}},"ef":[],"shapes":[{"ty":"gr","bm":0,"hd":false,"mn":"ADBE Vector Group","nm":"Group 1","ix":1,"cix":2,"np":2,"it":[{"ty":"sh","bm":0,"hd":false,"mn":"ADBE Vector Shape - Group","nm":"Path 1","ix":1,"d":1,"ks":{"a":0,"k":{"c":true,"i":[[0,-96.026],[96.025,0],[0,96.026],[-96.026,0]],"o":[[0,96.026],[-96.026,0],[0,-96.026],[96.025,0]],"v":[[173.87,0],[0,173.87],[-173.87,0],[0,-173.87]]},"ix":2}},{"ty":"st","bm":0,"hd":false,"mn":"ADBE Vector Graphic - Stroke","nm":"Stroke 1","lc":2,"lj":1,"ml":10,"o":{"a":0,"k":100,"ix":4},"w":{"a":0,"k":5,"ix":5},"c":{"a":0,"k":[0.2431,0.2431,0.251],"ix":3}},{"ty":"tr","a":{"a":0,"k":[0,0],"ix":1},"s":{"a":0,"k":[100,100],"ix":3},"sk":{"a":0,"k":0,"ix":4},"p":{"a":0,"k":[176.37,176.37],"ix":2},"r":{"a":0,"k":0,"ix":6},"sa":{"a":0,"k":0,"ix":5},"o":{"a":0,"k":100,"ix":7}}]},{"ty":"tm","bm":0,"hd":false,"mn":"ADBE Vector Filter - Trim","nm":"Trim Paths 1","ix":2,"e":{"a":0,"k":47.2,"ix":2},"o":{"a":0,"k":0,"ix":3},"s":{"a":0,"k":46.5,"ix":1},"m":1}],"ind":6,"parent":2},{"ty":4,"nm":"Head_line_003_stroke","sr":1,"st":0,"op":49,"ip":0,"hd":false,"ddd":0,"bm":0,"hasMask":false,"ao":0,"ks":{"a":{"a":0,"k":[176.37,176.37,0],"ix":1},"s":{"a":0,"k":[189,189,100],"ix":6},"sk":{"a":0,"k":0},"p":{"a":0,"k":[-0.095,-0.522,0],"ix":2},"r":{"a":0,"k":1.5,"ix":10},"sa":{"a":0,"k":0},"o":{"a":0,"k":100,"ix":11}},"ef":[],"shapes":[{"ty":"gr","bm":0,"hd":false,"mn":"ADBE Vector Group","nm":"Group 1","ix":1,"cix":2,"np":2,"it":[{"ty":"sh","bm":0,"hd":false,"mn":"ADBE Vector Shape - Group","nm":"Path 1","ix":1,"d":1,"ks":{"a":0,"k":{"c":true,"i":[[0,-96.026],[96.025,0],[0,96.026],[-96.026,0]],"o":[[0,96.026],[-96.026,0],[0,-96.026],[96.025,0]],"v":[[173.87,0],[0,173.87],[-173.87,0],[0,-173.87]]},"ix":2}},{"ty":"st","bm":0,"hd":false,"mn":"ADBE Vector Graphic - Stroke","nm":"Stroke 1","lc":2,"lj":1,"ml":10,"o":{"a":0,"k":100,"ix":4},"w":{"a":0,"k":5,"ix":5},"c":{"a":0,"k":[0.2431,0.2431,0.251],"ix":3}},{"ty":"tr","a":{"a":0,"k":[0,0],"ix":1},"s":{"a":0,"k":[100,100],"ix":3},"sk":{"a":0,"k":0,"ix":4},"p":{"a":0,"k":[176.37,176.37],"ix":2},"r":{"a":0,"k":0,"ix":6},"sa":{"a":0,"k":0,"ix":5},"o":{"a":0,"k":100,"ix":7}}]},{"ty":"tm","bm":0,"hd":false,"mn":"ADBE Vector Filter - Trim","nm":"Trim Paths 1","ix":2,"e":{"a":0,"k":47.2,"ix":2},"o":{"a":0,"k":0,"ix":3},"s":{"a":0,"k":46,"ix":1},"m":1}],"ind":7,"parent":2},{"ty":4,"nm":"circle 33","sr":1,"st":0,"op":49,"ip":0,"hd":false,"ddd":0,"bm":0,"hasMask":false,"ao":0,"ks":{"a":{"a":0,"k":[176.37,176.37,0],"ix":1},"s":{"a":0,"k":[273,273,100],"ix":6},"sk":{"a":0,"k":0},"p":{"a":0,"k":[-0.108,-0.519,0],"ix":2},"r":{"a":0,"k":26,"ix":10},"sa":{"a":0,"k":0},"o":{"a":0,"k":100,"ix":11}},"ef":[],"shapes":[{"ty":"gr","bm":0,"hd":false,"mn":"ADBE Vector Group","nm":"Group 1","ix":1,"cix":2,"np":2,"it":[{"ty":"sh","bm":0,"hd":false,"mn":"ADBE Vector Shape - Group","nm":"Path 1","ix":1,"d":1,"ks":{"a":0,"k":{"c":true,"i":[[0,-96.026],[96.025,0],[0,96.026],[-96.026,0]],"o":[[0,96.026],[-96.026,0],[0,-96.026],[96.025,0]],"v":[[173.87,0],[0,173.87],[-173.87,0],[0,-173.87]]},"ix":2}},{"ty":"st","bm":0,"hd":false,"mn":"ADBE Vector Graphic - Stroke","nm":"Stroke 1","lc":2,"lj":1,"ml":10,"o":{"a":0,"k":100,"ix":4},"w":{"a":0,"k":20,"ix":5},"c":{"a":0,"k":[0.6157,0.6627,0.8196],"ix":3}},{"ty":"tr","a":{"a":0,"k":[0,0],"ix":1},"s":{"a":0,"k":[85,85],"ix":3},"sk":{"a":0,"k":0,"ix":4},"p":{"a":0,"k":[176.37,176.37],"ix":2},"r":{"a":0,"k":0,"ix":6},"sa":{"a":0,"k":0,"ix":5},"o":{"a":0,"k":100,"ix":7}}]},{"ty":"tm","bm":0,"hd":false,"mn":"ADBE Vector Filter - Trim","nm":"Trim Paths 1","ix":2,"e":{"a":1,"k":[{"o":{"x":0.968,"y":0},"i":{"x":0.861,"y":1},"s":[34],"t":7},{"o":{"x":0.148,"y":0},"i":{"x":0.155,"y":1},"s":[29],"t":25},{"s":[34],"t":44}],"ix":2},"o":{"a":0,"k":0,"ix":3},"s":{"a":1,"k":[{"o":{"x":0.968,"y":0},"i":{"x":0.861,"y":1},"s":[31],"t":7},{"o":{"x":0.148,"y":0},"i":{"x":0.155,"y":1},"s":[6],"t":25},{"s":[31],"t":44}],"ix":1},"m":1}],"ind":8,"parent":2},{"ty":4,"nm":"circle 31","sr":1,"st":0,"op":49,"ip":0,"hd":false,"ddd":0,"bm":0,"hasMask":false,"ao":0,"ks":{"a":{"a":0,"k":[176.37,176.37,0],"ix":1},"s":{"a":0,"k":[273,273,100],"ix":6},"sk":{"a":0,"k":0},"p":{"a":0,"k":[-0.108,-0.519,0],"ix":2},"r":{"a":0,"k":26,"ix":10},"sa":{"a":0,"k":0},"o":{"a":0,"k":100,"ix":11}},"ef":[],"shapes":[{"ty":"gr","bm":0,"hd":false,"mn":"ADBE Vector Group","nm":"Group 1","ix":1,"cix":2,"np":2,"it":[{"ty":"sh","bm":0,"hd":false,"mn":"ADBE Vector Shape - Group","nm":"Path 1","ix":1,"d":1,"ks":{"a":0,"k":{"c":true,"i":[[0,-96.026],[96.025,0],[0,96.026],[-96.026,0]],"o":[[0,96.026],[-96.026,0],[0,-96.026],[96.025,0]],"v":[[173.87,0],[0,173.87],[-173.87,0],[0,-173.87]]},"ix":2}},{"ty":"st","bm":0,"hd":false,"mn":"ADBE Vector Graphic - Stroke","nm":"Stroke 1","lc":2,"lj":1,"ml":10,"o":{"a":0,"k":100,"ix":4},"w":{"a":0,"k":27,"ix":5},"c":{"a":0,"k":[0.6157,0.6627,0.8196],"ix":3}},{"ty":"tr","a":{"a":0,"k":[0,0],"ix":1},"s":{"a":0,"k":[85,85],"ix":3},"sk":{"a":0,"k":0,"ix":4},"p":{"a":0,"k":[176.37,176.37],"ix":2},"r":{"a":0,"k":0,"ix":6},"sa":{"a":0,"k":0,"ix":5},"o":{"a":0,"k":100,"ix":7}}]},{"ty":"tm","bm":0,"hd":false,"mn":"ADBE Vector Filter - Trim","nm":"Trim Paths 1","ix":2,"e":{"a":1,"k":[{"o":{"x":0.968,"y":0},"i":{"x":0.861,"y":1},"s":[34],"t":7},{"o":{"x":0.148,"y":0},"i":{"x":0.155,"y":1},"s":[29],"t":25},{"s":[34],"t":44}],"ix":2},"o":{"a":0,"k":0,"ix":3},"s":{"a":1,"k":[{"o":{"x":0.968,"y":0},"i":{"x":0.861,"y":1},"s":[31],"t":7},{"o":{"x":0.148,"y":0},"i":{"x":0.155,"y":1},"s":[6],"t":25},{"s":[31],"t":44}],"ix":1},"m":1}],"ind":9,"parent":2},{"ty":4,"nm":"Hand_inside_001_fill","sr":1,"st":0,"op":49,"ip":0,"hd":false,"ddd":0,"bm":0,"hasMask":false,"ao":0,"ks":{"a":{"a":0,"k":[176.37,176.37,0],"ix":1},"s":{"a":0,"k":[200,200,100],"ix":6},"sk":{"a":0,"k":0},"p":{"a":0,"k":[-0.108,-0.519,0],"ix":2},"r":{"a":0,"k":14,"ix":10},"sa":{"a":0,"k":0},"o":{"a":0,"k":100,"ix":11}},"ef":[],"shapes":[{"ty":"gr","bm":0,"hd":false,"mn":"ADBE Vector Group","nm":"Group 1","ix":1,"cix":2,"np":2,"it":[{"ty":"sh","bm":0,"hd":false,"mn":"ADBE Vector Shape - Group","nm":"Path 1","ix":1,"d":1,"ks":{"a":0,"k":{"c":true,"i":[[0,-96.026],[96.025,0],[0,96.026],[-96.026,0]],"o":[[0,96.026],[-96.026,0],[0,-96.026],[96.025,0]],"v":[[173.87,0],[0,173.87],[-173.87,0],[0,-173.87]]},"ix":2}},{"ty":"st","bm":0,"hd":false,"mn":"ADBE Vector Graphic - Stroke","nm":"Stroke 1","lc":2,"lj":1,"ml":10,"o":{"a":0,"k":100,"ix":4},"w":{"a":0,"k":24,"ix":5},"c":{"a":0,"k":[0.6157,0.6627,0.8196],"ix":3}},{"ty":"tr","a":{"a":0,"k":[0,0],"ix":1},"s":{"a":0,"k":[85,85],"ix":3},"sk":{"a":0,"k":0,"ix":4},"p":{"a":0,"k":[176.37,176.37],"ix":2},"r":{"a":0,"k":0,"ix":6},"sa":{"a":0,"k":0,"ix":5},"o":{"a":0,"k":100,"ix":7}}]},{"ty":"tm","bm":0,"hd":false,"mn":"ADBE Vector Filter - Trim","nm":"Trim Paths 1","ix":2,"e":{"a":1,"k":[{"o":{"x":0.968,"y":0},"i":{"x":0.861,"y":1},"s":[32],"t":7},{"o":{"x":0.148,"y":0},"i":{"x":0.155,"y":1},"s":[21],"t":25},{"s":[32],"t":44}],"ix":2},"o":{"a":0,"k":0,"ix":3},"s":{"a":1,"k":[{"o":{"x":0.968,"y":0},"i":{"x":0.861,"y":1},"s":[31],"t":7},{"o":{"x":0.148,"y":0},"i":{"x":0.155,"y":1},"s":[6],"t":25},{"s":[31],"t":44}],"ix":1},"m":1}],"ind":10,"parent":2},{"ty":4,"nm":"Hand_inside_002_fill","sr":1,"st":0,"op":49,"ip":0,"hd":false,"ddd":0,"bm":0,"hasMask":false,"ao":0,"ks":{"a":{"a":0,"k":[176.37,176.37,0],"ix":1},"s":{"a":0,"k":[200,200,100],"ix":6},"sk":{"a":0,"k":0},"p":{"a":0,"k":[-0.108,-0.519,0],"ix":2},"r":{"a":0,"k":16,"ix":10},"sa":{"a":0,"k":0},"o":{"a":0,"k":100,"ix":11}},"ef":[],"shapes":[{"ty":"gr","bm":0,"hd":false,"mn":"ADBE Vector Group","nm":"Group 1","ix":1,"cix":2,"np":2,"it":[{"ty":"sh","bm":0,"hd":false,"mn":"ADBE Vector Shape - Group","nm":"Path 1","ix":1,"d":1,"ks":{"a":0,"k":{"c":true,"i":[[0,-96.026],[96.025,0],[0,96.026],[-96.026,0]],"o":[[0,96.026],[-96.026,0],[0,-96.026],[96.025,0]],"v":[[173.87,0],[0,173.87],[-173.87,0],[0,-173.87]]},"ix":2}},{"ty":"st","bm":0,"hd":false,"mn":"ADBE Vector Graphic - Stroke","nm":"Stroke 1","lc":1,"lj":1,"ml":10,"o":{"a":0,"k":100,"ix":4},"w":{"a":0,"k":24,"ix":5},"c":{"a":0,"k":[0.6157,0.6627,0.8196],"ix":3}},{"ty":"tr","a":{"a":0,"k":[0,0],"ix":1},"s":{"a":0,"k":[85,85],"ix":3},"sk":{"a":0,"k":0,"ix":4},"p":{"a":0,"k":[176.37,176.37],"ix":2},"r":{"a":0,"k":0,"ix":6},"sa":{"a":0,"k":0,"ix":5},"o":{"a":0,"k":100,"ix":7}}]},{"ty":"tm","bm":0,"hd":false,"mn":"ADBE Vector Filter - Trim","nm":"Trim Paths 1","ix":2,"e":{"a":1,"k":[{"o":{"x":0.968,"y":0},"i":{"x":0.861,"y":1},"s":[34],"t":7},{"o":{"x":0.148,"y":0},"i":{"x":0.155,"y":1},"s":[34],"t":25},{"s":[34],"t":44}],"ix":2},"o":{"a":0,"k":0,"ix":3},"s":{"a":1,"k":[{"o":{"x":0.968,"y":0},"i":{"x":0.861,"y":1},"s":[31],"t":7},{"o":{"x":0.148,"y":0},"i":{"x":0.155,"y":1},"s":[18],"t":25},{"s":[31],"t":44}],"ix":1},"m":1}],"ind":11,"parent":2},{"ty":4,"nm":"Hand_outside_001_stroke","sr":1,"st":0,"op":49,"ip":0,"hd":false,"ddd":0,"bm":0,"hasMask":false,"ao":0,"ks":{"a":{"a":0,"k":[176.37,176.37,0],"ix":1},"s":{"a":0,"k":[200,200,100],"ix":6},"sk":{"a":0,"k":0},"p":{"a":0,"k":[-0.108,-0.519,0],"ix":2},"r":{"a":0,"k":14,"ix":10},"sa":{"a":0,"k":0},"o":{"a":0,"k":100,"ix":11}},"ef":[],"shapes":[{"ty":"gr","bm":0,"hd":false,"mn":"ADBE Vector Group","nm":"Group 1","ix":1,"cix":2,"np":2,"it":[{"ty":"sh","bm":0,"hd":false,"mn":"ADBE Vector Shape - Group","nm":"Path 1","ix":1,"d":1,"ks":{"a":0,"k":{"c":true,"i":[[0,-96.026],[96.025,0],[0,96.026],[-96.026,0]],"o":[[0,96.026],[-96.026,0],[0,-96.026],[96.025,0]],"v":[[173.87,0],[0,173.87],[-173.87,0],[0,-173.87]]},"ix":2}},{"ty":"st","bm":0,"hd":false,"mn":"ADBE Vector Graphic - Stroke","nm":"Stroke 1","lc":2,"lj":1,"ml":10,"o":{"a":0,"k":100,"ix":4},"w":{"a":0,"k":34,"ix":5},"c":{"a":0,"k":[0.6157,0.6627,0.8196],"ix":3}},{"ty":"tr","a":{"a":0,"k":[0,0],"ix":1},"s":{"a":0,"k":[85,85],"ix":3},"sk":{"a":0,"k":0,"ix":4},"p":{"a":0,"k":[176.37,176.37],"ix":2},"r":{"a":0,"k":0,"ix":6},"sa":{"a":0,"k":0,"ix":5},"o":{"a":0,"k":100,"ix":7}}]},{"ty":"tm","bm":0,"hd":false,"mn":"ADBE Vector Filter - Trim","nm":"Trim Paths 1","ix":2,"e":{"a":1,"k":[{"o":{"x":0.968,"y":0},"i":{"x":0.861,"y":1},"s":[32],"t":7},{"o":{"x":0.148,"y":0},"i":{"x":0.155,"y":1},"s":[21],"t":25},{"s":[32],"t":44}],"ix":2},"o":{"a":0,"k":0,"ix":3},"s":{"a":1,"k":[{"o":{"x":0.968,"y":0},"i":{"x":0.861,"y":1},"s":[31],"t":7},{"o":{"x":0.148,"y":0},"i":{"x":0.155,"y":1},"s":[6],"t":25},{"s":[31],"t":44}],"ix":1},"m":1}],"ind":12,"parent":2},{"ty":4,"nm":"Hand_outside_002_stroke","sr":1,"st":0,"op":49,"ip":0,"hd":false,"ddd":0,"bm":0,"hasMask":false,"ao":0,"ks":{"a":{"a":0,"k":[176.37,176.37,0],"ix":1},"s":{"a":0,"k":[200,200,100],"ix":6},"sk":{"a":0,"k":0},"p":{"a":0,"k":[-0.108,-0.519,0],"ix":2},"r":{"a":0,"k":14,"ix":10},"sa":{"a":0,"k":0},"o":{"a":0,"k":100,"ix":11}},"ef":[],"shapes":[{"ty":"gr","bm":0,"hd":false,"mn":"ADBE Vector Group","nm":"Group 1","ix":1,"cix":2,"np":2,"it":[{"ty":"sh","bm":0,"hd":false,"mn":"ADBE Vector Shape - Group","nm":"Path 1","ix":1,"d":1,"ks":{"a":0,"k":{"c":true,"i":[[0,-96.026],[96.025,0],[0,96.026],[-96.026,0]],"o":[[0,96.026],[-96.026,0],[0,-96.026],[96.025,0]],"v":[[173.87,0],[0,173.87],[-173.87,0],[0,-173.87]]},"ix":2}},{"ty":"st","bm":0,"hd":false,"mn":"ADBE Vector Graphic - Stroke","nm":"Stroke 1","lc":1,"lj":1,"ml":10,"o":{"a":0,"k":100,"ix":4},"w":{"a":0,"k":34,"ix":5},"c":{"a":0,"k":[0.6157,0.6627,0.8196],"ix":3}},{"ty":"tr","a":{"a":0,"k":[0,0],"ix":1},"s":{"a":0,"k":[85,85],"ix":3},"sk":{"a":0,"k":0,"ix":4},"p":{"a":0,"k":[176.37,176.37],"ix":2},"r":{"a":0,"k":0,"ix":6},"sa":{"a":0,"k":0,"ix":5},"o":{"a":0,"k":100,"ix":7}}]},{"ty":"tm","bm":0,"hd":false,"mn":"ADBE Vector Filter - Trim","nm":"Trim Paths 1","ix":2,"e":{"a":1,"k":[{"o":{"x":0.968,"y":0},"i":{"x":0.861,"y":1},"s":[34],"t":7},{"o":{"x":0.148,"y":0},"i":{"x":0.155,"y":1},"s":[34],"t":25},{"s":[34],"t":44}],"ix":2},"o":{"a":0,"k":0,"ix":3},"s":{"a":1,"k":[{"o":{"x":0.968,"y":0},"i":{"x":0.861,"y":1},"s":[31],"t":7},{"o":{"x":0.148,"y":0},"i":{"x":0.155,"y":1},"s":[18],"t":25},{"s":[31],"t":44}],"ix":1},"m":1}],"ind":13,"parent":2},{"ty":4,"nm":"Leg_outside_001_fill","sr":1,"st":0,"op":49,"ip":0,"hd":false,"ddd":0,"bm":0,"hasMask":false,"ao":0,"ks":{"a":{"a":0,"k":[176.37,176.37,0],"ix":1},"s":{"a":0,"k":[266,266,100],"ix":6},"sk":{"a":0,"k":0},"p":{"a":0,"k":[-0.108,-0.519,0],"ix":2},"r":{"a":0,"k":-82,"ix":10},"sa":{"a":0,"k":0},"o":{"a":0,"k":100,"ix":11}},"ef":[],"shapes":[{"ty":"gr","bm":0,"hd":false,"mn":"ADBE Vector Group","nm":"Group 1","ix":1,"cix":2,"np":2,"it":[{"ty":"sh","bm":0,"hd":false,"mn":"ADBE Vector Shape - Group","nm":"Path 1","ix":1,"d":1,"ks":{"a":0,"k":{"c":true,"i":[[0,-96.026],[96.025,0],[0,96.026],[-96.026,0]],"o":[[0,96.026],[-96.026,0],[0,-96.026],[96.025,0]],"v":[[173.87,0],[0,173.87],[-173.87,0],[0,-173.87]]},"ix":2}},{"ty":"st","bm":0,"hd":false,"mn":"ADBE Vector Graphic - Stroke","nm":"Stroke 1","lc":2,"lj":1,"ml":10,"o":{"a":0,"k":100,"ix":4},"w":{"a":0,"k":21,"ix":5},"c":{"a":0,"k":[0.6157,0.6627,0.8196],"ix":3}},{"ty":"tr","a":{"a":0,"k":[0,0],"ix":1},"s":{"a":0,"k":[85,85],"ix":3},"sk":{"a":0,"k":0,"ix":4},"p":{"a":0,"k":[176.37,176.37],"ix":2},"r":{"a":0,"k":0,"ix":6},"sa":{"a":0,"k":0,"ix":5},"o":{"a":0,"k":100,"ix":7}}]},{"ty":"tm","bm":0,"hd":false,"mn":"ADBE Vector Filter - Trim","nm":"Trim Paths 1","ix":2,"e":{"a":1,"k":[{"o":{"x":0.92,"y":0},"i":{"x":0.875,"y":1},"s":[36],"t":6},{"o":{"x":0.183,"y":0},"i":{"x":0.286,"y":1},"s":[21],"t":25},{"s":[36],"t":45}],"ix":2},"o":{"a":0,"k":0,"ix":3},"s":{"a":1,"k":[{"o":{"x":0.92,"y":0},"i":{"x":0.875,"y":1},"s":[31],"t":6},{"o":{"x":0.183,"y":0},"i":{"x":0.286,"y":1},"s":[6],"t":25},{"s":[31],"t":45}],"ix":1},"m":1}],"ind":14,"parent":2},{"ty":4,"nm":"Leg_outside_002_fill","sr":1,"st":0,"op":49,"ip":0,"hd":false,"ddd":0,"bm":0,"hasMask":false,"ao":0,"ks":{"a":{"a":0,"k":[176.37,176.37,0],"ix":1},"s":{"a":0,"k":[266,266,100],"ix":6},"sk":{"a":0,"k":0},"p":{"a":0,"k":[-0.108,-0.519,0],"ix":2},"r":{"a":0,"k":-80,"ix":10},"sa":{"a":0,"k":0},"o":{"a":0,"k":100,"ix":11}},"ef":[],"shapes":[{"ty":"gr","bm":0,"hd":false,"mn":"ADBE Vector Group","nm":"Group 1","ix":1,"cix":2,"np":2,"it":[{"ty":"sh","bm":0,"hd":false,"mn":"ADBE Vector Shape - Group","nm":"Path 1","ix":1,"d":1,"ks":{"a":0,"k":{"c":true,"i":[[0,-96.026],[96.025,0],[0,96.026],[-96.026,0]],"o":[[0,96.026],[-96.026,0],[0,-96.026],[96.025,0]],"v":[[173.87,0],[0,173.87],[-173.87,0],[0,-173.87]]},"ix":2}},{"ty":"st","bm":0,"hd":false,"mn":"ADBE Vector Graphic - Stroke","nm":"Stroke 1","lc":1,"lj":1,"ml":10,"o":{"a":0,"k":100,"ix":4},"w":{"a":0,"k":21,"ix":5},"c":{"a":0,"k":[0.6157,0.6627,0.8196],"ix":3}},{"ty":"tr","a":{"a":0,"k":[0,0],"ix":1},"s":{"a":0,"k":[85,85],"ix":3},"sk":{"a":0,"k":0,"ix":4},"p":{"a":0,"k":[176.37,176.37],"ix":2},"r":{"a":0,"k":0,"ix":6},"sa":{"a":0,"k":0,"ix":5},"o":{"a":0,"k":100,"ix":7}}]},{"ty":"tm","bm":0,"hd":false,"mn":"ADBE Vector Filter - Trim","nm":"Trim Paths 1","ix":2,"e":{"a":1,"k":[{"o":{"x":0.92,"y":0},"i":{"x":0.875,"y":1},"s":[39],"t":6},{"o":{"x":0.183,"y":0},"i":{"x":0.286,"y":1},"s":[26],"t":25},{"s":[39],"t":45}],"ix":2},"o":{"a":0,"k":0,"ix":3},"s":{"a":1,"k":[{"o":{"x":0.92,"y":0},"i":{"x":0.875,"y":1},"s":[31],"t":6},{"o":{"x":0.183,"y":0},"i":{"x":0.286,"y":1},"s":[18],"t":25},{"s":[31],"t":45}],"ix":1},"m":1}],"ind":15,"parent":2},{"ty":4,"nm":"Leg_outside_001_stroke","sr":1,"st":0,"op":49,"ip":0,"hd":false,"ddd":0,"bm":0,"hasMask":false,"ao":0,"ks":{"a":{"a":0,"k":[176.37,176.37,0],"ix":1},"s":{"a":0,"k":[266,266,100],"ix":6},"sk":{"a":0,"k":0},"p":{"a":0,"k":[-0.108,-0.519,0],"ix":2},"r":{"a":0,"k":-82,"ix":10},"sa":{"a":0,"k":0},"o":{"a":0,"k":100,"ix":11}},"ef":[],"shapes":[{"ty":"gr","bm":0,"hd":false,"mn":"ADBE Vector Group","nm":"Group 1","ix":1,"cix":2,"np":2,"it":[{"ty":"sh","bm":0,"hd":false,"mn":"ADBE Vector Shape - Group","nm":"Path 1","ix":1,"d":1,"ks":{"a":0,"k":{"c":true,"i":[[0,-96.026],[96.025,0],[0,96.026],[-96.026,0]],"o":[[0,96.026],[-96.026,0],[0,-96.026],[96.025,0]],"v":[[173.87,0],[0,173.87],[-173.87,0],[0,-173.87]]},"ix":2}},{"ty":"st","bm":0,"hd":false,"mn":"ADBE Vector Graphic - Stroke","nm":"Stroke 1","lc":2,"lj":1,"ml":10,"o":{"a":0,"k":100,"ix":4},"w":{"a":0,"k":28,"ix":5},"c":{"a":0,"k":[0.6157,0.6627,0.8196],"ix":3}},{"ty":"tr","a":{"a":0,"k":[0,0],"ix":1},"s":{"a":0,"k":[85,85],"ix":3},"sk":{"a":0,"k":0,"ix":4},"p":{"a":0,"k":[176.37,176.37],"ix":2},"r":{"a":0,"k":0,"ix":6},"sa":{"a":0,"k":0,"ix":5},"o":{"a":0,"k":100,"ix":7}}]},{"ty":"tm","bm":0,"hd":false,"mn":"ADBE Vector Filter - Trim","nm":"Trim Paths 1","ix":2,"e":{"a":1,"k":[{"o":{"x":0.92,"y":0},"i":{"x":0.875,"y":1},"s":[36],"t":6},{"o":{"x":0.183,"y":0},"i":{"x":0.286,"y":1},"s":[21],"t":25},{"s":[36],"t":45}],"ix":2},"o":{"a":0,"k":0,"ix":3},"s":{"a":1,"k":[{"o":{"x":0.92,"y":0},"i":{"x":0.875,"y":1},"s":[31],"t":6},{"o":{"x":0.183,"y":0},"i":{"x":0.286,"y":1},"s":[6],"t":25},{"s":[31],"t":45}],"ix":1},"m":1}],"ind":16,"parent":2},{"ty":4,"nm":"Leg_outside_002_stroke","sr":1,"st":0,"op":49,"ip":0,"hd":false,"ddd":0,"bm":0,"hasMask":false,"ao":0,"ks":{"a":{"a":0,"k":[176.37,176.37,0],"ix":1},"s":{"a":0,"k":[266,266,100],"ix":6},"sk":{"a":0,"k":0},"p":{"a":0,"k":[-0.108,-0.519,0],"ix":2},"r":{"a":0,"k":-82,"ix":10},"sa":{"a":0,"k":0},"o":{"a":0,"k":100,"ix":11}},"ef":[],"shapes":[{"ty":"gr","bm":0,"hd":false,"mn":"ADBE Vector Group","nm":"Group 1","ix":1,"cix":2,"np":2,"it":[{"ty":"sh","bm":0,"hd":false,"mn":"ADBE Vector Shape - Group","nm":"Path 1","ix":1,"d":1,"ks":{"a":0,"k":{"c":true,"i":[[0,-96.026],[96.025,0],[0,96.026],[-96.026,0]],"o":[[0,96.026],[-96.026,0],[0,-96.026],[96.025,0]],"v":[[173.87,0],[0,173.87],[-173.87,0],[0,-173.87]]},"ix":2}},{"ty":"st","bm":0,"hd":false,"mn":"ADBE Vector Graphic - Stroke","nm":"Stroke 1","lc":1,"lj":1,"ml":10,"o":{"a":0,"k":100,"ix":4},"w":{"a":0,"k":28,"ix":5},"c":{"a":0,"k":[0.6157,0.6627,0.8196],"ix":3}},{"ty":"tr","a":{"a":0,"k":[0,0],"ix":1},"s":{"a":0,"k":[85,85],"ix":3},"sk":{"a":0,"k":0,"ix":4},"p":{"a":0,"k":[176.37,176.37],"ix":2},"r":{"a":0,"k":0,"ix":6},"sa":{"a":0,"k":0,"ix":5},"o":{"a":0,"k":100,"ix":7}}]},{"ty":"tm","bm":0,"hd":false,"mn":"ADBE Vector Filter - Trim","nm":"Trim Paths 1","ix":2,"e":{"a":1,"k":[{"o":{"x":0.92,"y":0},"i":{"x":0.875,"y":1},"s":[39],"t":6},{"o":{"x":0.183,"y":0},"i":{"x":0.286,"y":1},"s":[26],"t":25},{"s":[39],"t":45}],"ix":2},"o":{"a":0,"k":0,"ix":3},"s":{"a":1,"k":[{"o":{"x":0.92,"y":0},"i":{"x":0.875,"y":1},"s":[31],"t":6},{"o":{"x":0.183,"y":0},"i":{"x":0.286,"y":1},"s":[18],"t":25},{"s":[31],"t":45}],"ix":1},"m":1}],"ind":17,"parent":2},{"ty":4,"nm":"Leg_inside_001_fill","sr":1,"st":0,"op":49,"ip":0,"hd":false,"ddd":0,"bm":0,"hasMask":false,"ao":0,"ks":{"a":{"a":0,"k":[176.37,176.37,0],"ix":1},"s":{"a":0,"k":[178,178,100],"ix":6},"sk":{"a":0,"k":0},"p":{"a":0,"k":[-0.108,-0.519,0],"ix":2},"r":{"a":0,"k":-88,"ix":10},"sa":{"a":0,"k":0},"o":{"a":0,"k":100,"ix":11}},"ef":[],"shapes":[{"ty":"gr","bm":0,"hd":false,"mn":"ADBE Vector Group","nm":"Group 1","ix":1,"cix":2,"np":2,"it":[{"ty":"sh","bm":0,"hd":false,"mn":"ADBE Vector Shape - Group","nm":"Path 1","ix":1,"d":1,"ks":{"a":0,"k":{"c":true,"i":[[0,-96.026],[96.025,0],[0,96.026],[-96.026,0]],"o":[[0,96.026],[-96.026,0],[0,-96.026],[96.025,0]],"v":[[173.87,0],[0,173.87],[-173.87,0],[0,-173.87]]},"ix":2}},{"ty":"st","bm":0,"hd":false,"mn":"ADBE Vector Graphic - Stroke","nm":"Stroke 1","lc":2,"lj":1,"ml":10,"o":{"a":0,"k":100,"ix":4},"w":{"a":0,"k":30,"ix":5},"c":{"a":0,"k":[0.6157,0.6627,0.8196],"ix":3}},{"ty":"tr","a":{"a":0,"k":[0,0],"ix":1},"s":{"a":0,"k":[85,85],"ix":3},"sk":{"a":0,"k":0,"ix":4},"p":{"a":0,"k":[176.37,176.37],"ix":2},"r":{"a":0,"k":0,"ix":6},"sa":{"a":0,"k":0,"ix":5},"o":{"a":0,"k":100,"ix":7}}]},{"ty":"tm","bm":0,"hd":false,"mn":"ADBE Vector Filter - Trim","nm":"Trim Paths 1","ix":2,"e":{"a":1,"k":[{"o":{"x":0.92,"y":0},"i":{"x":0.875,"y":1},"s":[36],"t":6},{"o":{"x":0.183,"y":0},"i":{"x":0.286,"y":1},"s":[21],"t":25},{"s":[36],"t":45}],"ix":2},"o":{"a":0,"k":0,"ix":3},"s":{"a":1,"k":[{"o":{"x":0.92,"y":0},"i":{"x":0.875,"y":1},"s":[31],"t":6},{"o":{"x":0.183,"y":0},"i":{"x":0.286,"y":1},"s":[6],"t":25},{"s":[31],"t":45}],"ix":1},"m":1}],"ind":18,"parent":2},{"ty":4,"nm":"Leg_inside_002_fill","sr":1,"st":0,"op":49,"ip":0,"hd":false,"ddd":0,"bm":0,"hasMask":false,"ao":0,"ks":{"a":{"a":0,"k":[176.37,176.37,0],"ix":1},"s":{"a":0,"k":[178,178,100],"ix":6},"sk":{"a":0,"k":0},"p":{"a":0,"k":[-0.108,-0.519,0],"ix":2},"r":{"a":0,"k":-86,"ix":10},"sa":{"a":0,"k":0},"o":{"a":0,"k":100,"ix":11}},"ef":[],"shapes":[{"ty":"gr","bm":0,"hd":false,"mn":"ADBE Vector Group","nm":"Group 1","ix":1,"cix":2,"np":2,"it":[{"ty":"sh","bm":0,"hd":false,"mn":"ADBE Vector Shape - Group","nm":"Path 1","ix":1,"d":1,"ks":{"a":0,"k":{"c":true,"i":[[0,-96.026],[96.025,0],[0,96.026],[-96.026,0]],"o":[[0,96.026],[-96.026,0],[0,-96.026],[96.025,0]],"v":[[173.87,0],[0,173.87],[-173.87,0],[0,-173.87]]},"ix":2}},{"ty":"st","bm":0,"hd":false,"mn":"ADBE Vector Graphic - Stroke","nm":"Stroke 1","lc":1,"lj":1,"ml":10,"o":{"a":0,"k":100,"ix":4},"w":{"a":0,"k":30,"ix":5},"c":{"a":0,"k":[0.6157,0.6627,0.8196],"ix":3}},{"ty":"tr","a":{"a":0,"k":[0,0],"ix":1},"s":{"a":0,"k":[85,85],"ix":3},"sk":{"a":0,"k":0,"ix":4},"p":{"a":0,"k":[176.37,176.37],"ix":2},"r":{"a":0,"k":0,"ix":6},"sa":{"a":0,"k":0,"ix":5},"o":{"a":0,"k":100,"ix":7}}]},{"ty":"tm","bm":0,"hd":false,"mn":"ADBE Vector Filter - Trim","nm":"Trim Paths 1","ix":2,"e":{"a":1,"k":[{"o":{"x":0.92,"y":0},"i":{"x":0.875,"y":1},"s":[41],"t":6},{"o":{"x":0.183,"y":0},"i":{"x":0.286,"y":1},"s":[27],"t":25},{"s":[41],"t":45}],"ix":2},"o":{"a":0,"k":0,"ix":3},"s":{"a":1,"k":[{"o":{"x":0.92,"y":0},"i":{"x":0.875,"y":1},"s":[31],"t":6},{"o":{"x":0.183,"y":0},"i":{"x":0.286,"y":1},"s":[18],"t":25},{"s":[31],"t":45}],"ix":1},"m":1}],"ind":19,"parent":2},{"ty":4,"nm":"Leg_inside_003_stroke","sr":1,"st":0,"op":49,"ip":0,"hd":false,"ddd":0,"bm":0,"hasMask":false,"ao":0,"ks":{"a":{"a":0,"k":[176.37,176.37,0],"ix":1},"s":{"a":0,"k":[178,178,100],"ix":6},"sk":{"a":0,"k":0},"p":{"a":0,"k":[-0.108,-0.519,0],"ix":2},"r":{"a":0,"k":-88,"ix":10},"sa":{"a":0,"k":0},"o":{"a":0,"k":100,"ix":11}},"ef":[],"shapes":[{"ty":"gr","bm":0,"hd":false,"mn":"ADBE Vector Group","nm":"Group 1","ix":1,"cix":2,"np":2,"it":[{"ty":"sh","bm":0,"hd":false,"mn":"ADBE Vector Shape - Group","nm":"Path 1","ix":1,"d":1,"ks":{"a":0,"k":{"c":true,"i":[[0,-96.026],[96.025,0],[0,96.026],[-96.026,0]],"o":[[0,96.026],[-96.026,0],[0,-96.026],[96.025,0]],"v":[[173.87,0],[0,173.87],[-173.87,0],[0,-173.87]]},"ix":2}},{"ty":"st","bm":0,"hd":false,"mn":"ADBE Vector Graphic - Stroke","nm":"Stroke 1","lc":2,"lj":1,"ml":10,"o":{"a":0,"k":100,"ix":4},"w":{"a":0,"k":41,"ix":5},"c":{"a":0,"k":[0.6157,0.6627,0.8196],"ix":3}},{"ty":"tr","a":{"a":0,"k":[0,0],"ix":1},"s":{"a":0,"k":[85,85],"ix":3},"sk":{"a":0,"k":0,"ix":4},"p":{"a":0,"k":[176.37,176.37],"ix":2},"r":{"a":0,"k":0,"ix":6},"sa":{"a":0,"k":0,"ix":5},"o":{"a":0,"k":100,"ix":7}}]},{"ty":"tm","bm":0,"hd":false,"mn":"ADBE Vector Filter - Trim","nm":"Trim Paths 1","ix":2,"e":{"a":1,"k":[{"o":{"x":0.92,"y":0},"i":{"x":0.875,"y":1},"s":[36],"t":6},{"o":{"x":0.183,"y":0},"i":{"x":0.286,"y":1},"s":[21],"t":25},{"s":[36],"t":45}],"ix":2},"o":{"a":0,"k":0,"ix":3},"s":{"a":1,"k":[{"o":{"x":0.92,"y":0},"i":{"x":0.875,"y":1},"s":[31],"t":6},{"o":{"x":0.183,"y":0},"i":{"x":0.286,"y":1},"s":[6],"t":25},{"s":[31],"t":45}],"ix":1},"m":1}],"ind":20,"parent":2},{"ty":4,"nm":"Leg_inside_004_stroke","sr":1,"st":0,"op":49,"ip":0,"hd":false,"ddd":0,"bm":0,"hasMask":false,"ao":0,"ks":{"a":{"a":0,"k":[176.37,176.37,0],"ix":1},"s":{"a":0,"k":[178,178,100],"ix":6},"sk":{"a":0,"k":0},"p":{"a":0,"k":[-0.108,-0.519,0],"ix":2},"r":{"a":0,"k":-88,"ix":10},"sa":{"a":0,"k":0},"o":{"a":0,"k":100,"ix":11}},"ef":[],"shapes":[{"ty":"gr","bm":0,"hd":false,"mn":"ADBE Vector Group","nm":"Group 1","ix":1,"cix":2,"np":2,"it":[{"ty":"sh","bm":0,"hd":false,"mn":"ADBE Vector Shape - Group","nm":"Path 1","ix":1,"d":1,"ks":{"a":0,"k":{"c":true,"i":[[0,-96.026],[96.025,0],[0,96.026],[-96.026,0]],"o":[[0,96.026],[-96.026,0],[0,-96.026],[96.025,0]],"v":[[173.87,0],[0,173.87],[-173.87,0],[0,-173.87]]},"ix":2}},{"ty":"st","bm":0,"hd":false,"mn":"ADBE Vector Graphic - Stroke","nm":"Stroke 1","lc":1,"lj":1,"ml":10,"o":{"a":0,"k":100,"ix":4},"w":{"a":0,"k":41,"ix":5},"c":{"a":0,"k":[0.6157,0.6627,0.8196],"ix":3}},{"ty":"tr","a":{"a":0,"k":[0,0],"ix":1},"s":{"a":0,"k":[85,85],"ix":3},"sk":{"a":0,"k":0,"ix":4},"p":{"a":0,"k":[176.37,176.37],"ix":2},"r":{"a":0,"k":0,"ix":6},"sa":{"a":0,"k":0,"ix":5},"o":{"a":0,"k":100,"ix":7}}]},{"ty":"tm","bm":0,"hd":false,"mn":"ADBE Vector Filter - Trim","nm":"Trim Paths 1","ix":2,"e":{"a":1,"k":[{"o":{"x":0.92,"y":0},"i":{"x":0.875,"y":1},"s":[41],"t":6},{"o":{"x":0.183,"y":0},"i":{"x":0.286,"y":1},"s":[27],"t":25},{"s":[41],"t":45}],"ix":2},"o":{"a":0,"k":0,"ix":3},"s":{"a":1,"k":[{"o":{"x":0.92,"y":0},"i":{"x":0.875,"y":1},"s":[31],"t":6},{"o":{"x":0.183,"y":0},"i":{"x":0.286,"y":1},"s":[18],"t":25},{"s":[31],"t":45}],"ix":1},"m":1}],"ind":21,"parent":2},{"ty":4,"nm":"mouth","sr":1,"st":0,"op":49,"ip":0,"hd":false,"ddd":0,"bm":0,"hasMask":false,"ao":0,"ks":{"a":{"a":0,"k":[0,0,0],"ix":1},"s":{"a":0,"k":[100,100,100],"ix":6},"sk":{"a":0,"k":0},"p":{"a":0,"k":[-3.518,0.658,0],"ix":2},"r":{"a":0,"k":4,"ix":10},"sa":{"a":0,"k":0},"o":{"a":0,"k":100,"ix":11}},"ef":[],"shapes":[{"ty":"gr","bm":0,"hd":false,"mn":"ADBE Vector Group","nm":"Shape 1","ix":1,"cix":2,"np":2,"it":[{"ty":"sh","bm":0,"hd":false,"mn":"ADBE Vector Shape - Group","nm":"Path 1","ix":1,"d":1,"ks":{"a":1,"k":[{"o":{"x":1,"y":0},"i":{"x":0.804,"y":1},"s":[{"c":false,"i":[[-16,0.25],[4,15.25],[-12.772,12.38]],"o":[[16,-0.25],[4.203,13.762],[10.035,-9.727]],"v":[[-317.226,155.848],[-298.237,129.598],[-263,135.5]]}],"t":5},{"o":{"x":0.198,"y":0},"i":{"x":0.667,"y":1},"s":[{"c":false,"i":[[-15.987,-0.686],[22.603,27.33],[-24.93,14.631]],"o":[[25.029,1.074],[13.555,29.119],[12.053,-7.074]],"v":[[-310.113,185.296],[-304.668,134.148],[-252.946,162.352]]}],"t":24},{"s":[{"c":false,"i":[[-16,0.25],[4,15.25],[-12.772,12.38]],"o":[[16,-0.25],[4.203,13.762],[10.035,-9.727]],"v":[[-317.226,155.848],[-298.237,129.598],[-263,135.5]]}],"t":44}],"ix":2}},{"ty":"st","bm":0,"hd":false,"mn":"ADBE Vector Graphic - Stroke","nm":"Stroke 1","lc":2,"lj":2,"ml":1,"o":{"a":0,"k":100,"ix":4},"w":{"a":0,"k":7,"ix":5},"c":{"a":0,"k":[0.2431,0.2431,0.251],"ix":3}},{"ty":"tr","a":{"a":0,"k":[0,0],"ix":1},"s":{"a":0,"k":[100,100],"ix":3},"sk":{"a":0,"k":0,"ix":4},"p":{"a":0,"k":[0,0],"ix":2},"r":{"a":0,"k":0,"ix":6},"sa":{"a":0,"k":0,"ix":5},"o":{"a":0,"k":100,"ix":7}}]}],"ind":22,"parent":2},{"ty":4,"nm":"eyes","sr":1,"st":0,"op":49,"ip":0,"hd":false,"ddd":0,"bm":0,"hasMask":false,"ao":0,"ks":{"a":{"a":0,"k":[33.526,14.94,0],"ix":1},"s":{"a":0,"k":[189,189,100],"ix":6},"sk":{"a":0,"k":0},"p":{"a":0,"k":[-310.294,89.679,0],"ix":2},"r":{"a":0,"k":0,"ix":10},"sa":{"a":0,"k":0},"o":{"a":0,"k":100,"ix":11}},"ef":[],"shapes":[{"ty":"gr","bm":0,"hd":false,"mn":"ADBE Vector Group","nm":"Group 2","ix":1,"cix":2,"np":2,"it":[{"ty":"sh","bm":0,"hd":false,"mn":"ADBE Vector Shape - Group","nm":"Path 1","ix":1,"d":1,"ks":{"a":1,"k":[{"o":{"x":1,"y":0},"i":{"x":0.812,"y":1},"s":[{"c":true,"i":[[0,-2.38],[2.381,0],[0,2.381],[-2.38,0]],"o":[[0,2.381],[-2.38,0],[0,-2.38],[2.381,0]],"v":[[4.311,-0.001],[0,4.312],[-4.311,-0.001],[0,-4.312]]}],"t":5},{"o":{"x":0.129,"y":0},"i":{"x":0.016,"y":1},"s":[{"c":true,"i":[[-1.803,-7.972],[2.322,-0.525],[1.804,7.975],[-2.321,0.525]],"o":[[1.804,7.975],[-2.321,0.525],[-1.803,-7.972],[2.322,-0.525]],"v":[[0.326,11.059],[3.267,24.937],[-5.41,11.967],[-3.267,-3.947]]}],"t":24},{"o":{"x":0.167,"y":0},"i":{"x":0.833,"y":0.833},"s":[{"c":true,"i":[[0,-2.38],[2.381,0],[0,2.381],[-2.38,0]],"o":[[0,2.381],[-2.38,0],[0,-2.38],[2.381,0]],"v":[[4.311,-0.001],[0,4.312],[-4.311,-0.001],[0,-4.312]]}],"t":41},{"o":{"x":0.167,"y":0.167},"i":{"x":0.833,"y":0.833},"s":[{"c":true,"i":[[0,-2.38],[2.381,0],[0,2.381],[-2.38,0]],"o":[[0,2.381],[-2.38,0],[0,-2.38],[2.381,0]],"v":[[4.311,-0.001],[0.23,-1.408],[-4.311,-0.001],[0.112,-3.694]]}],"t":42},{"o":{"x":0.167,"y":0.167},"i":{"x":0.833,"y":0.833},"s":[{"c":true,"i":[[0,-2.38],[2.381,0],[0,2.381],[-2.38,0]],"o":[[0,2.381],[-2.38,0],[0,-2.38],[2.381,0]],"v":[[4.311,-0.001],[0.23,-1.408],[-4.311,-0.001],[0.112,-3.694]]}],"t":43},{"s":[{"c":true,"i":[[0,-2.38],[2.381,0],[0,2.381],[-2.38,0]],"o":[[0,2.381],[-2.38,0],[0,-2.38],[2.381,0]],"v":[[4.311,-0.001],[0,4.312],[-4.311,-0.001],[0,-4.312]]}],"t":44}],"ix":2}},{"ty":"fl","bm":0,"hd":false,"mn":"ADBE Vector Graphic - Fill","nm":"Fill 1","c":{"a":0,"k":[0.2431,0.2431,0.251],"ix":4},"r":1,"o":{"a":0,"k":100,"ix":5}},{"ty":"tr","a":{"a":0,"k":[0,0],"ix":1},"s":{"a":0,"k":[100,100],"ix":3},"sk":{"a":0,"k":0,"ix":4},"p":{"a":0,"k":[50.84,9.312],"ix":2},"r":{"a":0,"k":0,"ix":6},"sa":{"a":0,"k":0,"ix":5},"o":{"a":0,"k":100,"ix":7}}]},{"ty":"gr","bm":0,"hd":false,"mn":"ADBE Vector Group","nm":"Group 4","ix":2,"cix":2,"np":2,"it":[{"ty":"sh","bm":0,"hd":false,"mn":"ADBE Vector Shape - Group","nm":"Path 1","ix":1,"d":1,"ks":{"a":1,"k":[{"o":{"x":1,"y":0},"i":{"x":0.812,"y":1},"s":[{"c":true,"i":[[0,-2.381],[2.381,0],[0,2.381],[-2.38,0]],"o":[[0,2.381],[-2.38,0],[0,-2.381],[2.381,0]],"v":[[4.311,0],[-0.001,4.311],[-4.311,0],[-0.001,-4.311]]}],"t":5},{"o":{"x":0.129,"y":0},"i":{"x":0.016,"y":1},"s":[{"c":true,"i":[[-1.825,-7.774],[2.301,-0.671],[1.825,7.774],[-2.3,0.671]],"o":[[1.825,7.774],[-2.3,0.671],[-1.825,-7.774],[2.301,-0.671]],"v":[[-0.368,10.382],[3.303,24.328],[-5.609,11.875],[-3.304,-3.823]]}],"t":24},{"o":{"x":0.167,"y":0},"i":{"x":0.833,"y":0.833},"s":[{"c":true,"i":[[0,-2.381],[2.381,0],[0,2.381],[-2.38,0]],"o":[[0,2.381],[-2.38,0],[0,-2.381],[2.381,0]],"v":[[4.311,0],[-0.001,4.311],[-4.311,0],[-0.001,-4.311]]}],"t":41},{"o":{"x":0.167,"y":0.167},"i":{"x":0.833,"y":0.833},"s":[{"c":true,"i":[[0,-2.381],[2.381,0],[0,2.381],[-2.38,0]],"o":[[0,2.381],[-2.38,0],[0,-2.381],[2.381,0]],"v":[[4.311,0],[-0.038,-1.44],[-4.311,0],[-0.019,-3.712]]}],"t":42},{"o":{"x":0.167,"y":0.167},"i":{"x":0.833,"y":0.833},"s":[{"c":true,"i":[[0,-2.381],[2.381,0],[0,2.381],[-2.38,0]],"o":[[0,2.381],[-2.38,0],[0,-2.381],[2.381,0]],"v":[[4.311,0],[-0.038,-1.44],[-4.311,0],[-0.019,-3.712]]}],"t":43},{"s":[{"c":true,"i":[[0,-2.381],[2.381,0],[0,2.381],[-2.38,0]],"o":[[0,2.381],[-2.38,0],[0,-2.381],[2.381,0]],"v":[[4.311,0],[-0.001,4.311],[-4.311,0],[-0.001,-4.311]]}],"t":44}],"ix":2}},{"ty":"fl","bm":0,"hd":false,"mn":"ADBE Vector Graphic - Fill","nm":"Fill 1","c":{"a":0,"k":[0.2431,0.2431,0.251],"ix":4},"r":1,"o":{"a":0,"k":100,"ix":5}},{"ty":"tr","a":{"a":0,"k":[0,0],"ix":1},"s":{"a":0,"k":[100,100],"ix":3},"sk":{"a":0,"k":0,"ix":4},"p":{"a":0,"k":[9.311,17.933],"ix":2},"r":{"a":0,"k":0,"ix":6},"sa":{"a":0,"k":0,"ix":5},"o":{"a":0,"k":100,"ix":7}}]}],"ind":23,"parent":2},{"ty":4,"nm":"ears","sr":1,"st":0,"op":49,"ip":0,"hd":false,"ddd":0,"bm":0,"hasMask":false,"ao":0,"ks":{"a":{"a":0,"k":[56.098,24.172,0],"ix":1},"s":{"a":0,"k":[189,189,100],"ix":6},"sk":{"a":0,"k":0},"p":{"a":0,"k":[-327.861,30.177,0],"ix":2},"r":{"a":0,"k":0,"ix":10},"sa":{"a":0,"k":0},"o":{"a":0,"k":100,"ix":11}},"ef":[],"shapes":[{"ty":"gr","bm":0,"hd":false,"mn":"ADBE Vector Group","nm":"Group 1","ix":1,"cix":2,"np":3,"it":[{"ty":"sh","bm":0,"hd":false,"mn":"ADBE Vector Shape - Group","nm":"Path 1","ix":1,"d":1,"ks":{"a":1,"k":[{"o":{"x":0.952,"y":0},"i":{"x":0.849,"y":1},"s":[{"c":false,"i":[[0,0],[-6.513,1.422],[-5.578,0.782],[0,0],[-5.457,0.617],[0,0]],"o":[[0,0],[5.367,-1.172],[0,0],[5.534,-1.057],[6.622,-0.748],[0,0]],"v":[[-46.712,16.937],[-43.826,-7.546],[-24.952,12.582],[27.245,4.423],[39.232,-20.805],[49.544,1.63]]}],"t":5},{"o":{"x":0.142,"y":0},"i":{"x":0.051,"y":1},"s":[{"c":false,"i":[[0,0],[-11.883,22.119],[-5.578,0.782],[0,0],[-12.008,5.056],[0,0]],"o":[[0,0],[-1.055,18.514],[0,0],[5.534,-1.057],[-2.421,19.93],[0,0]],"v":[[-46.712,16.937],[-39.941,-38.255],[-24.952,12.582],[27.245,4.423],[47.037,-43.175],[49.544,1.63]]}],"t":24},{"s":[{"c":false,"i":[[0,0],[-6.513,1.422],[-5.578,0.782],[0,0],[-5.457,0.617],[0,0]],"o":[[0,0],[5.367,-1.172],[0,0],[5.534,-1.057],[6.622,-0.748],[0,0]],"v":[[-46.712,16.937],[-43.826,-7.546],[-24.952,12.582],[27.245,4.423],[39.232,-20.805],[49.544,1.63]]}],"t":44}],"ix":2}},{"ty":"st","bm":0,"hd":false,"mn":"ADBE Vector Graphic - Stroke","nm":"Stroke 1","lc":2,"lj":2,"ml":1,"o":{"a":0,"k":100,"ix":4},"w":{"a":0,"k":4.5,"ix":5},"c":{"a":0,"k":[0.2431,0.2431,0.251],"ix":3}},{"ty":"fl","bm":0,"hd":false,"mn":"ADBE Vector Graphic - Fill","nm":"Fill 1","c":{"a":0,"k":[0.6157,0.6627,0.8196],"ix":4},"r":1,"o":{"a":0,"k":100,"ix":5}},{"ty":"tr","a":{"a":0,"k":[0,0],"ix":1},"s":{"a":0,"k":[100,100],"ix":3},"sk":{"a":0,"k":0,"ix":4},"p":{"a":0,"k":[56.098,24.172],"ix":2},"r":{"a":0,"k":0,"ix":6},"sa":{"a":0,"k":0,"ix":5},"o":{"a":0,"k":100,"ix":7}}]}],"ind":24,"parent":2},{"ty":4,"nm":"body_transition_fill","sr":1,"st":0,"op":49,"ip":0,"hd":false,"ddd":0,"bm":0,"hasMask":false,"ao":0,"ks":{"a":{"a":0,"k":[0,0,0],"ix":1},"s":{"a":0,"k":[100,100,100],"ix":6},"sk":{"a":0,"k":0},"p":{"a":0,"k":[0,0,0],"ix":2},"r":{"a":0,"k":1.5,"ix":10},"sa":{"a":0,"k":0},"o":{"a":0,"k":100,"ix":11}},"ef":[],"shapes":[{"ty":"gr","bm":0,"hd":false,"mn":"ADBE Vector Group","nm":"Shape 1","ix":1,"cix":2,"np":3,"it":[{"ty":"sh","bm":0,"hd":false,"mn":"ADBE Vector Shape - Group","nm":"Path 1","ix":1,"d":1,"ks":{"a":0,"k":{"c":true,"i":[[0,0],[-13.94,-15.412],[-12.5,-13],[1,19.5],[19.75,15.5]],"o":[[0,0],[20.125,22.25],[12.5,13],[-1,-19.5],[-19.75,-15.5]],"v":[[-242,257.5],[-259.25,269.5],[-208.875,340.375],[-193,330.75],[-213.5,277.5]]},"ix":2}},{"ty":"fl","bm":0,"hd":false,"mn":"ADBE Vector Graphic - Fill","nm":"Fill 1","c":{"a":0,"k":[0.9569,0.9569,0.9569],"ix":4},"r":1,"o":{"a":0,"k":100,"ix":5}},{"ty":"tr","a":{"a":0,"k":[0,0],"ix":1},"s":{"a":0,"k":[100,100],"ix":3},"sk":{"a":0,"k":0,"ix":4},"p":{"a":0,"k":[0,0],"ix":2},"r":{"a":0,"k":0,"ix":6},"sa":{"a":0,"k":0,"ix":5},"o":{"a":0,"k":100,"ix":7}}]}],"ind":25,"parent":2},{"ty":4,"nm":"Body_002_round 3","sr":1,"st":0,"op":49,"ip":0,"hd":false,"ddd":0,"bm":0,"hasMask":false,"ao":0,"ks":{"a":{"a":0,"k":[176.37,176.37,0],"ix":1},"s":{"a":0,"k":[189,189,100],"ix":6},"sk":{"a":0,"k":0},"p":{"a":0,"k":[-0.108,-0.519,0],"ix":2},"r":{"a":0,"k":32,"ix":10},"sa":{"a":0,"k":0},"o":{"a":0,"k":100,"ix":11}},"ef":[],"shapes":[{"ty":"gr","bm":0,"hd":false,"mn":"ADBE Vector Group","nm":"Group 1","ix":1,"cix":2,"np":3,"it":[{"ty":"sh","bm":0,"hd":false,"mn":"ADBE Vector Shape - Group","nm":"Path 1","ix":1,"d":1,"ks":{"a":0,"k":{"c":true,"i":[[0,-96.026],[96.025,0],[0,96.026],[-96.026,0]],"o":[[0,96.026],[-96.026,0],[0,-96.026],[96.025,0]],"v":[[173.87,0],[0,173.87],[-173.87,0],[0,-173.87]]},"ix":2}},{"ty":"tm","bm":0,"hd":false,"mn":"ADBE Vector Filter - Trim","nm":"Trim Paths 1","ix":2,"e":{"a":1,"k":[{"o":{"x":0.878,"y":0},"i":{"x":0.806,"y":1},"s":[50],"t":5},{"o":{"x":0.176,"y":0},"i":{"x":0.215,"y":1},"s":[48.5],"t":24},{"s":[50],"t":44}],"ix":2},"o":{"a":0,"k":-62,"ix":3},"s":{"a":1,"k":[{"o":{"x":0.915,"y":0},"i":{"x":0.866,"y":1},"s":[39],"t":5},{"o":{"x":0.115,"y":0},"i":{"x":0.281,"y":1},"s":[15],"t":24},{"s":[39],"t":44}],"ix":1},"m":1},{"ty":"st","bm":0,"hd":false,"mn":"ADBE Vector Graphic - Stroke","nm":"Stroke 1","lc":2,"lj":1,"ml":10,"o":{"a":0,"k":100,"ix":4},"w":{"a":0,"k":48,"ix":5},"c":{"a":0,"k":[0.9569,0.9569,0.9569],"ix":3}},{"ty":"tr","a":{"a":0,"k":[0,0],"ix":1},"s":{"a":0,"k":[100,100],"ix":3},"sk":{"a":0,"k":0,"ix":4},"p":{"a":0,"k":[176.37,176.37],"ix":2},"r":{"a":0,"k":0,"ix":6},"sa":{"a":0,"k":0,"ix":5},"o":{"a":0,"k":100,"ix":7}}]}],"ind":26,"parent":2},{"ty":4,"nm":"Body_002_round 2","sr":1,"st":0,"op":49,"ip":0,"hd":false,"ddd":0,"bm":0,"hasMask":false,"ao":0,"ks":{"a":{"a":0,"k":[176.37,176.37,0],"ix":1},"s":{"a":0,"k":[189,189,100],"ix":6},"sk":{"a":0,"k":0},"p":{"a":0,"k":[-0.108,-0.519,0],"ix":2},"r":{"a":0,"k":0,"ix":10},"sa":{"a":0,"k":0},"o":{"a":0,"k":100,"ix":11}},"ef":[],"shapes":[{"ty":"gr","bm":0,"hd":false,"mn":"ADBE Vector Group","nm":"Group 1","ix":1,"cix":2,"np":3,"it":[{"ty":"sh","bm":0,"hd":false,"mn":"ADBE Vector Shape - Group","nm":"Path 1","ix":1,"d":1,"ks":{"a":0,"k":{"c":true,"i":[[0,-96.026],[96.025,0],[0,96.026],[-96.026,0]],"o":[[0,96.026],[-96.026,0],[0,-96.026],[96.025,0]],"v":[[173.87,0],[0,173.87],[-173.87,0],[0,-173.87]]},"ix":2}},{"ty":"tm","bm":0,"hd":false,"mn":"ADBE Vector Filter - Trim","nm":"Trim Paths 1","ix":2,"e":{"a":0,"k":50,"ix":2},"o":{"a":0,"k":-62,"ix":3},"s":{"a":1,"k":[{"o":{"x":0.915,"y":0},"i":{"x":0.866,"y":1},"s":[39],"t":5},{"o":{"x":0.115,"y":0},"i":{"x":0.281,"y":1},"s":[25],"t":24},{"s":[39],"t":44}],"ix":1},"m":1},{"ty":"st","bm":0,"hd":false,"mn":"ADBE Vector Graphic - Stroke","nm":"Stroke 1","lc":2,"lj":1,"ml":10,"o":{"a":0,"k":100,"ix":4},"w":{"a":0,"k":82,"ix":5},"c":{"a":0,"k":[0.9569,0.9569,0.9569],"ix":3}},{"ty":"tr","a":{"a":0,"k":[0,0],"ix":1},"s":{"a":0,"k":[100,100],"ix":3},"sk":{"a":0,"k":0,"ix":4},"p":{"a":0,"k":[176.37,176.37],"ix":2},"r":{"a":0,"k":0,"ix":6},"sa":{"a":0,"k":0,"ix":5},"o":{"a":0,"k":100,"ix":7}}]}],"ind":27,"parent":2},{"ty":4,"nm":"Tail_002_fill","sr":1,"st":0,"op":49,"ip":0,"hd":false,"ddd":0,"bm":0,"hasMask":false,"ao":0,"ks":{"a":{"a":0,"k":[176.37,176.37,0],"ix":1},"s":{"a":0,"k":[189,189,100],"ix":6},"sk":{"a":0,"k":0},"p":{"a":0,"k":[-0.108,-0.519,0],"ix":2},"r":{"a":0,"k":0,"ix":10},"sa":{"a":0,"k":0},"o":{"a":0,"k":100,"ix":11}},"ef":[],"shapes":[{"ty":"gr","bm":0,"hd":false,"mn":"ADBE Vector Group","nm":"Group 1","ix":1,"cix":2,"np":2,"it":[{"ty":"sh","bm":0,"hd":false,"mn":"ADBE Vector Shape - Group","nm":"Path 1","ix":1,"d":1,"ks":{"a":0,"k":{"c":true,"i":[[0,-96.026],[96.025,0],[0,96.026],[-96.026,0]],"o":[[0,96.026],[-96.026,0],[0,-96.026],[96.025,0]],"v":[[173.87,0],[0,173.87],[-173.87,0],[0,-173.87]]},"ix":2}},{"ty":"st","bm":0,"hd":false,"mn":"ADBE Vector Graphic - Stroke","nm":"Stroke 1","lc":2,"lj":1,"ml":10,"o":{"a":0,"k":100,"ix":4},"w":{"a":0,"k":48,"ix":5},"c":{"a":0,"k":[0.6157,0.6627,0.8196],"ix":3}},{"ty":"tr","a":{"a":0,"k":[0,0],"ix":1},"s":{"a":0,"k":[90,90],"ix":3},"sk":{"a":0,"k":0,"ix":4},"p":{"a":0,"k":[176.37,176.37],"ix":2},"r":{"a":0,"k":0,"ix":6},"sa":{"a":0,"k":0,"ix":5},"o":{"a":0,"k":100,"ix":7}}]},{"ty":"tm","bm":0,"hd":false,"mn":"ADBE Vector Filter - Trim","nm":"Trim Paths 1","ix":2,"e":{"a":0,"k":55,"ix":2},"o":{"a":0,"k":-130,"ix":3},"s":{"a":1,"k":[{"o":{"x":0.941,"y":0},"i":{"x":0.864,"y":1},"s":[35],"t":6},{"o":{"x":0.106,"y":0},"i":{"x":0.297,"y":1},"s":[0],"t":25},{"s":[35],"t":45}],"ix":1},"m":1}],"ind":28,"parent":2},{"ty":4,"nm":"Body_002_square_fill","sr":1,"st":0,"op":49,"ip":0,"hd":false,"ddd":0,"bm":0,"hasMask":false,"ao":0,"ks":{"a":{"a":0,"k":[176.37,176.37,0],"ix":1},"s":{"a":0,"k":[189,189,100],"ix":6},"sk":{"a":0,"k":0},"p":{"a":0,"k":[-0.108,-0.519,0],"ix":2},"r":{"a":0,"k":0,"ix":10},"sa":{"a":0,"k":0},"o":{"a":0,"k":100,"ix":11}},"ef":[],"shapes":[{"ty":"gr","bm":0,"hd":false,"mn":"ADBE Vector Group","nm":"Group 1","ix":1,"cix":2,"np":3,"it":[{"ty":"sh","bm":0,"hd":false,"mn":"ADBE Vector Shape - Group","nm":"Path 1","ix":1,"d":1,"ks":{"a":0,"k":{"c":true,"i":[[0,-96.026],[96.025,0],[0,96.026],[-96.026,0]],"o":[[0,96.026],[-96.026,0],[0,-96.026],[96.025,0]],"v":[[173.87,0],[0,173.87],[-173.87,0],[0,-173.87]]},"ix":2}},{"ty":"tm","bm":0,"hd":false,"mn":"ADBE Vector Filter - Trim","nm":"Trim Paths 1","ix":2,"e":{"a":0,"k":65,"ix":2},"o":{"a":0,"k":-62,"ix":3},"s":{"a":1,"k":[{"o":{"x":0.915,"y":0},"i":{"x":0.866,"y":1},"s":[34],"t":5},{"o":{"x":0.115,"y":0},"i":{"x":0.281,"y":1},"s":[15],"t":24},{"s":[34],"t":44}],"ix":1},"m":1},{"ty":"st","bm":0,"hd":false,"mn":"ADBE Vector Graphic - Stroke","nm":"Stroke 1","lc":1,"lj":1,"ml":10,"o":{"a":0,"k":100,"ix":4},"w":{"a":0,"k":93,"ix":5},"c":{"a":0,"k":[0.6157,0.6627,0.8196],"ix":3}},{"ty":"tr","a":{"a":0,"k":[0,0],"ix":1},"s":{"a":0,"k":[100,100],"ix":3},"sk":{"a":0,"k":0,"ix":4},"p":{"a":0,"k":[176.37,176.37],"ix":2},"r":{"a":0,"k":0,"ix":6},"sa":{"a":0,"k":0,"ix":5},"o":{"a":0,"k":100,"ix":7}}]}],"ind":29,"parent":2},{"ty":4,"nm":"Body_002_round_fill","sr":1,"st":0,"op":49,"ip":0,"hd":false,"ddd":0,"bm":0,"hasMask":false,"ao":0,"ks":{"a":{"a":0,"k":[176.37,176.37,0],"ix":1},"s":{"a":0,"k":[189,189,100],"ix":6},"sk":{"a":0,"k":0},"p":{"a":0,"k":[-0.108,-0.519,0],"ix":2},"r":{"a":0,"k":0,"ix":10},"sa":{"a":0,"k":0},"o":{"a":0,"k":100,"ix":11}},"ef":[],"shapes":[{"ty":"gr","bm":0,"hd":false,"mn":"ADBE Vector Group","nm":"Group 1","ix":1,"cix":2,"np":3,"it":[{"ty":"sh","bm":0,"hd":false,"mn":"ADBE Vector Shape - Group","nm":"Path 1","ix":1,"d":1,"ks":{"a":0,"k":{"c":true,"i":[[0,-96.026],[96.025,0],[0,96.026],[-96.026,0]],"o":[[0,96.026],[-96.026,0],[0,-96.026],[96.025,0]],"v":[[173.87,0],[0,173.87],[-173.87,0],[0,-173.87]]},"ix":2}},{"ty":"tm","bm":0,"hd":false,"mn":"ADBE Vector Filter - Trim","nm":"Trim Paths 1","ix":2,"e":{"a":0,"k":59,"ix":2},"o":{"a":0,"k":-62,"ix":3},"s":{"a":1,"k":[{"o":{"x":0.915,"y":0},"i":{"x":0.866,"y":1},"s":[34],"t":5},{"o":{"x":0.115,"y":0},"i":{"x":0.281,"y":1},"s":[15],"t":24},{"s":[34],"t":44}],"ix":1},"m":1},{"ty":"st","bm":0,"hd":false,"mn":"ADBE Vector Graphic - Stroke","nm":"Stroke 1","lc":2,"lj":1,"ml":10,"o":{"a":0,"k":100,"ix":4},"w":{"a":0,"k":93,"ix":5},"c":{"a":0,"k":[0.6157,0.6627,0.8196],"ix":3}},{"ty":"tr","a":{"a":0,"k":[0,0],"ix":1},"s":{"a":0,"k":[100,100],"ix":3},"sk":{"a":0,"k":0,"ix":4},"p":{"a":0,"k":[176.37,176.37],"ix":2},"r":{"a":0,"k":0,"ix":6},"sa":{"a":0,"k":0,"ix":5},"o":{"a":0,"k":100,"ix":7}}]}],"ind":30,"parent":2},{"ty":4,"nm":"Body_001_square_stroke","sr":1,"st":0,"op":49,"ip":0,"hd":false,"ddd":0,"bm":0,"hasMask":false,"ao":0,"ks":{"a":{"a":0,"k":[176.37,176.37,0],"ix":1},"s":{"a":0,"k":[189,189,100],"ix":6},"sk":{"a":0,"k":0},"p":{"a":0,"k":[-0.108,-0.519,0],"ix":2},"r":{"a":0,"k":0,"ix":10},"sa":{"a":0,"k":0},"o":{"a":0,"k":100,"ix":11}},"ef":[],"shapes":[{"ty":"gr","bm":0,"hd":false,"mn":"ADBE Vector Group","nm":"Group 1","ix":1,"cix":2,"np":3,"it":[{"ty":"sh","bm":0,"hd":false,"mn":"ADBE Vector Shape - Group","nm":"Path 1","ix":1,"d":1,"ks":{"a":0,"k":{"c":true,"i":[[0,-96.026],[96.025,0],[0,96.026],[-96.026,0]],"o":[[0,96.026],[-96.026,0],[0,-96.026],[96.025,0]],"v":[[173.87,0],[0,173.87],[-173.87,0],[0,-173.87]]},"ix":2}},{"ty":"tm","bm":0,"hd":false,"mn":"ADBE Vector Filter - Trim","nm":"Trim Paths 1","ix":2,"e":{"a":0,"k":65,"ix":2},"o":{"a":0,"k":-62,"ix":3},"s":{"a":1,"k":[{"o":{"x":0.915,"y":0},"i":{"x":0.866,"y":1},"s":[34],"t":5},{"o":{"x":0.115,"y":0},"i":{"x":0.281,"y":1},"s":[15],"t":24},{"s":[34],"t":44}],"ix":1},"m":1},{"ty":"st","bm":0,"hd":false,"mn":"ADBE Vector Graphic - Stroke","nm":"Stroke 1","lc":1,"lj":1,"ml":10,"o":{"a":0,"k":100,"ix":4},"w":{"a":0,"k":102,"ix":5},"c":{"a":0,"k":[0.2431,0.2431,0.251],"ix":3}},{"ty":"tr","a":{"a":0,"k":[0,0],"ix":1},"s":{"a":0,"k":[100,100],"ix":3},"sk":{"a":0,"k":0,"ix":4},"p":{"a":0,"k":[176.37,176.37],"ix":2},"r":{"a":0,"k":0,"ix":6},"sa":{"a":0,"k":0,"ix":5},"o":{"a":0,"k":100,"ix":7}}]}],"ind":31,"parent":2},{"ty":4,"nm":"Body_001_round_stroke","sr":1,"st":0,"op":49,"ip":0,"hd":false,"ddd":0,"bm":0,"hasMask":false,"ao":0,"ks":{"a":{"a":0,"k":[176.37,176.37,0],"ix":1},"s":{"a":0,"k":[189,189,100],"ix":6},"sk":{"a":0,"k":0},"p":{"a":0,"k":[-0.108,-0.519,0],"ix":2},"r":{"a":0,"k":0,"ix":10},"sa":{"a":0,"k":0},"o":{"a":0,"k":100,"ix":11}},"ef":[],"shapes":[{"ty":"gr","bm":0,"hd":false,"mn":"ADBE Vector Group","nm":"Group 1","ix":1,"cix":2,"np":3,"it":[{"ty":"sh","bm":0,"hd":false,"mn":"ADBE Vector Shape - Group","nm":"Path 1","ix":1,"d":1,"ks":{"a":0,"k":{"c":true,"i":[[0,-96.026],[96.025,0],[0,96.026],[-96.026,0]],"o":[[0,96.026],[-96.026,0],[0,-96.026],[96.025,0]],"v":[[173.87,0],[0,173.87],[-173.87,0],[0,-173.87]]},"ix":2}},{"ty":"tm","bm":0,"hd":false,"mn":"ADBE Vector Filter - Trim","nm":"Trim Paths 1","ix":2,"e":{"a":0,"k":59,"ix":2},"o":{"a":0,"k":-62,"ix":3},"s":{"a":1,"k":[{"o":{"x":0.915,"y":0},"i":{"x":0.866,"y":1},"s":[34],"t":5},{"o":{"x":0.115,"y":0},"i":{"x":0.281,"y":1},"s":[15],"t":24},{"s":[34],"t":44}],"ix":1},"m":1},{"ty":"st","bm":0,"hd":false,"mn":"ADBE Vector Graphic - Stroke","nm":"Stroke 1","lc":2,"lj":1,"ml":10,"o":{"a":0,"k":100,"ix":4},"w":{"a":0,"k":102,"ix":5},"c":{"a":0,"k":[0.2431,0.2431,0.251],"ix":3}},{"ty":"tr","a":{"a":0,"k":[0,0],"ix":1},"s":{"a":0,"k":[100,100],"ix":3},"sk":{"a":0,"k":0,"ix":4},"p":{"a":0,"k":[176.37,176.37],"ix":2},"r":{"a":0,"k":0,"ix":6},"sa":{"a":0,"k":0,"ix":5},"o":{"a":0,"k":100,"ix":7}}]}],"ind":32,"parent":2},{"ty":4,"nm":"Tail_001_stroke","sr":1,"st":0,"op":49,"ip":0,"hd":false,"ddd":0,"bm":0,"hasMask":false,"ao":0,"ks":{"a":{"a":0,"k":[176.37,176.37,0],"ix":1},"s":{"a":0,"k":[189,189,100],"ix":6},"sk":{"a":0,"k":0},"p":{"a":0,"k":[-0.108,-0.519,0],"ix":2},"r":{"a":0,"k":0,"ix":10},"sa":{"a":0,"k":0},"o":{"a":0,"k":100,"ix":11}},"ef":[],"shapes":[{"ty":"gr","bm":0,"hd":false,"mn":"ADBE Vector Group","nm":"Group 1","ix":1,"cix":2,"np":2,"it":[{"ty":"sh","bm":0,"hd":false,"mn":"ADBE Vector Shape - Group","nm":"Path 1","ix":1,"d":1,"ks":{"a":0,"k":{"c":true,"i":[[0,-96.026],[96.025,0],[0,96.026],[-96.026,0]],"o":[[0,96.026],[-96.026,0],[0,-96.026],[96.025,0]],"v":[[173.87,0],[0,173.87],[-173.87,0],[0,-173.87]]},"ix":2}},{"ty":"st","bm":0,"hd":false,"mn":"ADBE Vector Graphic - Stroke","nm":"Stroke 1","lc":2,"lj":1,"ml":10,"o":{"a":0,"k":100,"ix":4},"w":{"a":0,"k":58,"ix":5},"c":{"a":0,"k":[0.2431,0.2431,0.251],"ix":3}},{"ty":"tr","a":{"a":0,"k":[0,0],"ix":1},"s":{"a":0,"k":[90,90],"ix":3},"sk":{"a":0,"k":0,"ix":4},"p":{"a":0,"k":[176.37,176.37],"ix":2},"r":{"a":0,"k":0,"ix":6},"sa":{"a":0,"k":0,"ix":5},"o":{"a":0,"k":100,"ix":7}}]},{"ty":"tm","bm":0,"hd":false,"mn":"ADBE Vector Filter - Trim","nm":"Trim Paths 1","ix":2,"e":{"a":0,"k":55,"ix":2},"o":{"a":0,"k":-130,"ix":3},"s":{"a":1,"k":[{"o":{"x":0.941,"y":0},"i":{"x":0.864,"y":1},"s":[35],"t":6},{"o":{"x":0.106,"y":0},"i":{"x":0.297,"y":1},"s":[0],"t":25},{"s":[35],"t":45}],"ix":1},"m":1}],"ind":33,"parent":2}],"v":"5.5.0","fr":24,"op":48,"ip":0,"assets":[]}